[{"lat":"40.6729621887207","lon":"-73.8316116333008","nameLong":"Aqueduct Racetrack","nameShort":"AQU"},{"lat":"39.6277236938477","lon":"-104.686370849609","nameLong":"Arapahoe Park","nameShort":"ARP"},{"lat":"42.0924377441406","lon":"-88.0101776123047","nameLong":"Arlington International Racecourse","nameShort":"AP"},{"lat":"49.8894386291504","lon":"-97.3292083740234","nameLong":"Assiniboia Downs","nameShort":"ASD"},{"lat":"39.4524955749512","lon":"-74.6470794677734","nameLong":"Atlantic City Race Course","nameShort":"ATL"},{"lat":"34.0864677429199","lon":"-117.761291503906","nameLong":"Barretts Race Meet at Fairplex","nameShort":"FPX"},{"lat":"40.7153854370117","lon":"-73.7222137451172","nameLong":"Belmont Park","nameShort":"BEL"},{"lat":"39.0534286499023","lon":"-84.4139785766602","nameLong":"Belterra Park Gaming & Entertainment Center","nameShort":"BTP"},{"lat":"33.9507102966309","lon":"-118.337753295898","nameLong":"Betfair Hollywood Park","nameShort":"HOL"},{"lat":"25.9700546264648","lon":"-80.2409896850586","nameLong":"Calder Casino & Race Course","nameShort":"CRC"},{"lat":"44.7898788452148","lon":"-93.4804306030273","nameLong":"Canterbury Park","nameShort":"CBY"},{"lat":"53.3137969970703","lon":"-113.558082580566","nameLong":"Century Mile Racetrack and Casino","nameShort":"CTM"},{"lat":"38.1867485046387","lon":"-85.7070465087891","nameLong":"Churchill Downs","nameShort":"CD"},{"lat":"37.4874267578125","lon":"-77.0081939697266","nameLong":"Colonial Downs","nameShort":"CNL"},{"lat":"32.9763679504395","lon":"-117.262756347656","nameLong":"Del Mar","nameShort":"DMR"},{"lat":"39.7058792114258","lon":"-75.6601409912109","nameLong":"Delaware Park","nameShort":"DEL"},{"lat":"30.197696685791","lon":"-93.6221008300781","nameLong":"Delta Downs Racetrack","nameShort":"DED"},{"lat":"37.8857231140137","lon":"-87.5603408813477","nameLong":"Ellis Park","nameShort":"ELP"},{"lat":"47.3278274536133","lon":"-122.238052368164","nameLong":"Emerald Downs","nameShort":"EMD"},{"lat":"30.5262222290039","lon":"-92.0602569580078","nameLong":"Evangeline Downs","nameShort":"EVD"},{"lat":"29.9836826324463","lon":"-90.0808944702148","nameLong":"Fair Grounds Race Course & Slots","nameShort":"FG"},{"lat":"38.6596221923828","lon":"-90.0370864868164","nameLong":"Fairmount Park","nameShort":"FP"},{"lat":"42.969051361084","lon":"-77.3418579101563","nameLong":"Finger Lakes","nameShort":"FL"},{"lat":"40.9020576477051","lon":"-98.3286056518555","nameLong":"Fonner Park","nameShort":"FON"},{"lat":"42.9166297912598","lon":"-78.9285125732422","nameLong":"Fort Erie","nameShort":"FE"},{"lat":"37.8850326538086","lon":"-122.31071472168","nameLong":"Golden Gate Fields","nameShort":"GG"},{"lat":"25.9788799285889","lon":"-80.1365127563477","nameLong":"Gulfstream Park","nameShort":"GP"},{"lat":"32.5477714538574","lon":"-93.6366271972656","nameLong":"Harrah's Louisiana Downs Casino and Racetrack","nameShort":"LAD"},{"lat":"49.2862815856934","lon":"-123.038505554199","nameLong":"Hastings Racecourse","nameShort":"HST"},{"lat":"41.8291969299316","lon":"-87.7534713745117","nameLong":"Hawthorne Race Course","nameShort":"HAW"},{"lat":"39.2946243286133","lon":"-77.8491287231445","nameLong":"Hollywood Casino At Charles Town Races","nameShort":"CT"},{"lat":"41.1159172058105","lon":"-80.7610473632813","nameLong":"Hollywood Gaming at Mahoning Valley Race Course","nameShort":"MVR"},{"lat":"40.0681762695313","lon":"-85.6408843994141","nameLong":"Hoosier Park","nameShort":"HOO"},{"lat":"41.2052192687988","lon":"-96.0120697021484","nameLong":"Horsemen's Park","nameShort":"HPO"},{"lat":"39.5857887268066","lon":"-85.8237686157227","nameLong":"Indiana Grand","nameShort":"IND"},{"lat":"38.0463943481445","lon":"-84.6084289550781","nameLong":"Keeneland","nameShort":"KEE"},{"lat":"36.6386184692383","lon":"-86.5620880126953","nameLong":"Kentucky Downs","nameShort":"KD"},{"lat":"39.1036186218262","lon":"-76.8310775756836","nameLong":"Laurel Park","nameShort":"LRL"},{"lat":"32.7747192382813","lon":"-96.9883575439453","nameLong":"Lone Star Park","nameShort":"LS"},{"lat":"33.8086624145508","lon":"-118.040145874023","nameLong":"Los Alamitos Race Course","nameShort":"LA"},{"lat":"40.3096542358398","lon":"-74.015625","nameLong":"Monmouth Park","nameShort":"MTH"},{"lat":"","lon":"","nameLong":"Mountaineer Casino Racetrack & Resort","nameShort":"MNR"},{"lat":"53.5638122558594","lon":"-113.457679748535","nameLong":"Northlands Park","nameShort":"NP"},{"lat":"34.4851608276367","lon":"-93.0569915771484","nameLong":"Oaklawn Park","nameShort":"OP"},{"lat":"40.1175193786621","lon":"-74.959342956543","nameLong":"Parx Racing","nameShort":"PHA"},{"lat":"40.394847869873","lon":"-76.660400390625","nameLong":"Penn National Race Course","nameShort":"PEN"},{"lat":"39.3537139892578","lon":"-76.6734085083008","nameLong":"Pimlico Race Course","nameShort":"PIM"},{"lat":"45.5928230285645","lon":"-122.674575805664","nameLong":"Portland Meadows","nameShort":"PM"},{"lat":"41.6547813415527","lon":"-93.4884033203125","nameLong":"Prairie Meadows","nameShort":"PRM"},{"lat":"42.0664596557617","lon":"-80.0365295410156","nameLong":"Presque Isle Downs","nameShort":"PID"},{"lat":"35.5286598205566","lon":"-97.4689865112305","nameLong":"Remington Park","nameShort":"RP"},{"lat":"29.5850963592529","lon":"-98.3160858154297","nameLong":"Retama Park","nameShort":"RET"},{"lat":"32.2899284362793","lon":"-110.956367492676","nameLong":"Rillito Park Race Track","nameShort":"RIL"},{"lat":"33.3593292236328","lon":"-105.547050476074","nameLong":"Ruidoso Downs","nameShort":"RUI"},{"lat":"29.9291954040527","lon":"-95.528923034668","nameLong":"Sam Houston Race Park","nameShort":"HOU"},{"lat":"34.140510559082","lon":"-118.045738220215","nameLong":"Santa Anita Park","nameShort":"SA"},{"lat":"43.0744590759277","lon":"-73.7669525146484","nameLong":"Saratoga Race Course","nameShort":"SAR"},{"lat":"42.3940505981445","lon":"-70.997428894043","nameLong":"Suffolk Downs","nameShort":"SUF"},{"lat":"31.8634624481201","lon":"-106.650047302246","nameLong":"Sunland Park","nameShort":"SUN"},{"lat":"28.0622215270996","lon":"-82.6416168212891","nameLong":"Tampa Bay Downs","nameShort":"TAM"},{"lat":"41.4358406066895","lon":"-81.5318145751953","nameLong":"Thistledown","nameShort":"TDN"},{"lat":"33.6399078369141","lon":"-112.091743469238","nameLong":"Turf Paradise","nameShort":"TUP"},{"lat":"39.024284362793","lon":"-84.6350860595703","nameLong":"Turfway Park","nameShort":"TP"},{"lat":"36.3145904541016","lon":"-95.5252075195313","nameLong":"Will Rogers Downs","nameShort":"WRD"},{"lat":"43.7107276916504","lon":"-79.6034545898438","nameLong":"Woodbine","nameShort":"WO"},{"lat":"32.7511177062988","lon":"-103.187713623047","nameLong":"Zia Park","nameShort":"ZIA"}]