Date,Race,Name,Weight,Age,Days off,Number of Wins,Power Rating,Average Class Rating,Average Speed,Won,Won SVM,Won XGBoost,Won GaussianNB
2020-06-20,1,epic west,118,3,160,0,27.7,92,1,0,0,0,0
2020-06-20,1,spelling bee,118,3,28,0,68.4,78,69,0,0,0,0
2020-06-20,1,ugo,118,3,13,0,66.8,84,64,0,0,0,0
2020-06-20,1,conquistador show,118,3,105,0,65.8,81,65,0,0,0,0
2020-06-20,1,suspect,124,4,20,0,72.8,86,64,0,0,0,0
2020-06-20,1,apple empire,118,3,48,0,41.8,85,50,0,0,0,0
2020-06-20,1,judge johnny,118,3,27,0,65.5,88,67,0,0,0,0
2020-06-20,1,sigesmund,124,4,113,0,68.0,72,59,0,0,0,0
2020-06-20,1,right the wrong,124,4,182,0,59.2,75,58,0,0,0,0
2020-06-20,2,roaring fork,124,5,21,2,91.8,95,81,0,0,0,0
2020-06-20,2,paynt your eggs,124,4,120,2,66.5,84,70,0,0,0,0
2020-06-20,2,napoleon's empire,124,4,56,2,72.1,86,75,0,0,0,0
2020-06-20,2,homefortheweekend,124,4,159,1,75.6,83,69,0,0,0,0
2020-06-20,2,come on venezuela,124,4,29,2,59.6,85,66,0,0,0,0
2020-06-20,2,lagoon macaroon,124,4,28,2,77.7,94,77,0,0,0,0
2020-06-20,3,attorney tim,124,4,153,1,74.8,89,80,0,0,0,0
2020-06-20,3,hackberry,124,4,230,1,93.8,101,97,0,0,0,0
2020-06-20,3,motagally,124,4,34,0,71.5,95,89,0,0,0,0
2020-06-20,3,proquestor,124,5,83,0,99.2,92,80,0,0,0,0
2020-06-20,3,bantu,124,5,12,3,82.3,100,90,0,0,0,0
2020-06-20,3,beau luminarie,124,4,48,0,80.5,95,87,0,0,0,0
2020-06-20,3,buy me candy,118,3,20,1,83.1,88,81,0,0,0,0
2020-06-20,3,strong tide,118,3,20,0,70.6,77,66,0,0,0,0
2020-06-20,3,mantra,124,4,15,2,91.3,97,85,0,0,0,0
2020-06-20,3,king theo,118,3,33,0,85.7,90,77,0,0,0,0
2020-06-20,3,el ahijado,124,4,119,0,74.6,96,73,0,0,0,0
2020-06-20,3,onarock,124,4,83,2,110.0,89,83,0,0,0,0
2020-06-20,3,where's oliver,124,4,34,1,79.9,91,79,0,0,0,0
2020-06-20,3,hellorhighwater,124,4,34,1,80.0,95,83,0,0,0,0
2020-06-20,4,speighty shirl,118,3,201,0,71.3,87,77,0,0,0,0
2020-06-20,4,tuff bird,118,3,71,0,61.5,86,77,0,0,0,0
2020-06-20,4,madame overserved,124,4,167,0,73.5,87,78,0,0,0,0
2020-06-20,4,congratulated,118,3,69,0,95.1,90,78,0,0,0,0
2020-06-20,4,belleinthecity,124,5,61,0,48.4,67,49,0,0,0,0
2020-06-20,5,duplicitous,118,3,28,2,81.8,82,72,0,0,0,0
2020-06-20,5,royal priority,118,3,91,1,76.0,76,57,0,0,0,0
2020-06-20,5,unfading beauty,123,6,13,4,70.1,87,70,0,0,0,0
2020-06-20,5,spitefulness,118,3,28,1,88.2,84,59,0,0,0,0
2020-06-20,5,take charge erica,123,4,13,3,82.2,82,64,0,0,0,0
2020-06-20,5,readyformycloseup,118,3,28,1,78.6,83,74,0,0,0,0
2020-06-20,5,gold credit,123,4,54,1,78.3,89,73,0,0,0,0
2020-06-20,6,bama breeze,118,3,27,1,97.3,93,87,0,0,0,0
2020-06-20,6,spanish kingdom,118,3,20,2,90.1,95,82,0,0,0,0
2020-06-20,6,natural power (ire),118,3,132,1,93.4,92,89,0,0,0,0
2020-06-20,6,pixelate,118,3,27,2,96.4,89,84,0,0,0,0
2020-06-20,6,fenwick station,118,3,27,2,82.2,90,86,0,0,0,0
2020-06-20,6,kinenos,118,3,105,2,82.2,89,84,0,0,0,0
2020-06-20,6,summer to remember,118,3,48,2,98.5,93,90,0,0,0,0
2020-06-20,7,point to dunkirk,123,5,259,1,65.3,89,69,0,0,0,0
2020-06-20,7,nice of me,123,4,21,1,78.8,89,74,0,0,0,0
2020-06-20,7,ace destroyer,123,4,13,1,80.7,94,78,0,0,0,0
2020-06-20,7,k w captain flint,118,3,19,1,70.1,84,74,0,0,0,0
2020-06-20,7,critic,118,3,19,1,55.4,80,57,0,0,0,0
2020-06-20,7,special reserve,123,4,19,1,85.6,91,70,0,0,0,0
2020-06-20,7,reelfoot,123,4,19,1,82.5,86,72,0,0,0,0
2020-06-20,7,soaring bird,123,5,62,1,94.0,97,87,0,0,0,0
2020-06-20,7,greater cairo,123,4,61,1,83.2,87,71,0,0,0,0
2020-06-20,7,city front,118,3,33,1,60.8,82,54,0,0,0,0
2020-06-20,7,my golden diablo,123,4,48,1,81.2,76,69,0,0,0,0
2020-06-20,7,nashvegas,118,3,19,1,63.6,78,55,0,0,0,0
2020-06-20,7,cigar box,118,3,22,1,71.2,88,63,0,0,0,0
2020-06-20,7,subdued,123,4,223,0,57.2,80,70,0,0,0,0
2020-06-20,7,royal commission,118,3,13,1,83.7,93,72,0,0,0,0
2020-06-20,8,heavenly sis,125,4,123,0,81.2,81,76,0,0,0,0
2020-06-20,8,skykat,118,3,61,0,50.2,91,34,0,0,0,0
2020-06-20,8,valletta,118,3,27,0,76.8,84,75,0,0,0,0
2020-06-20,8,speightful charge,118,3,274,0,43.8,84,47,0,0,0,0
2020-06-20,8,market rumor,118,3,25,0,65.3,82,70,0,0,0,0
2020-06-20,8,willyoubemine,118,3,83,0,72.8,80,69,0,0,0,0
2020-06-20,8,tormenta,118,3,34,0,57.0,83,67,0,0,0,0
2020-06-20,8,areemaa,118,3,96,0,65.7,86,65,0,0,0,0
2020-06-20,8,irrepressible,118,3,236,0,51.5,82,64,0,0,0,0
2020-06-20,8,april in paris,118,3,34,0,84.2,84,79,0,0,0,0
2020-06-20,8,madison parc,118,3,33,0,88.5,92,81,0,0,0,0
2020-06-20,9,just howard,120,6,27,6,106.9,110,105,0,0,0,0
2020-06-20,9,hembree,120,6,27,1,116.6,115,111,0,0,0,0
2020-06-20,9,parlor,120,6,27,5,104.1,110,102,0,0,0,0
2020-06-20,9,english bee,120,4,27,4,109.4,107,99,0,0,0,0
2020-06-20,9,eons,120,4,320,4,89.1,96,91,0,0,0,0
2020-06-20,9,aquaphobia,120,7,41,8,109.5,108,100,0,0,0,0
2020-06-20,9,ritzy a. p.,120,6,29,3,118.5,113,112,0,0,0,0
2020-06-20,9,march to the arch,120,5,25,4,112.6,115,108,0,0,0,0
2020-06-20,9,emmaus (ire),120,6,115,2,103.7,110,104,0,0,0,0
2020-06-20,9,casa creed,120,4,29,1,100.1,100,97,0,0,0,0
2020-06-20,10,quality warrior,118,3,48,0,80.8,89,69,0,0,0,0
2020-06-20,10,tenderfoot,118,3,230,0,72.5,84,79,0,0,0,0
2020-06-20,10,oceanic,118,3,20,0,77.3,87,73,0,0,0,0
2020-06-20,10,new frontier,124,4,14,0,88.0,92,86,0,0,0,0
2020-06-20,10,lucky asset,118,3,97,0,84.2,82,80,0,0,0,0
2020-06-20,10,arareco lake,118,3,237,0,29.5,91,21,0,0,0,0
2020-06-20,10,league of legends,118,3,27,0,79.0,91,75,0,0,0,0
2020-06-20,10,savvy,124,4,204,0,84.9,88,89,0,0,0,0
2020-06-20,11,contractor bill,125,4,34,0,90.5,88,75,0,0,0,0
2020-06-20,11,beaver hat,118,3,14,0,63.2,89,71,0,0,0,0
2020-06-20,11,parkland,125,4,14,0,61.2,89,47,0,0,0,0
2020-06-20,11,the falcon,118,3,69,0,59.2,90,67,0,0,0,0
2020-06-20,11,hillbilly deluxe,118,3,19,0,68.2,83,70,0,0,0,0
2020-06-20,11,chocolate bar,118,3,63,0,86.2,91,82,0,0,0,0
2020-06-20,11,carmichael,118,3,62,0,93.2,89,73,0,0,0,0
2020-06-20,11,distorted moon,118,3,62,0,83.7,89,64,0,0,0,0
2020-06-20,11,cornbread kingdom,118,3,48,0,62.3,88,73,0,0,0,0
2020-06-20,11,cibolian,118,3,161,0,77.5,74,67,0,0,0,0
2020-06-20,11,real man,125,4,33,0,50.1,90,56,0,0,0,0
2020-06-20,11,midnight jostar,118,3,97,0,80.5,92,77,0,0,0,0
2020-06-25,2,gone glimmering,118,3,39,2,62.2,82,69,0,0,0,0
2020-06-25,2,persian queen,118,3,33,2,58.2,83,63,0,0,0,0
2020-06-25,2,kertara,120,3,50,0,81.6,79,71,0,0,0,0
2020-06-25,3,holly go lightly,118,5,18,3,85.0,94,85,0,0,0,0
2020-06-25,3,mad grace,118,5,87,3,86.0,83,74,0,0,0,0
2020-06-25,3,diamondcoat,118,5,39,0,81.0,93,76,0,0,0,0
2020-06-25,3,strollin the bayou,118,5,39,1,75.8,89,79,0,0,0,0
2020-06-25,3,zabava,118,4,18,4,90.7,95,84,0,0,0,0
2020-06-25,3,miss altamira,118,5,6,0,73.5,91,76,0,0,0,0
2020-06-25,3,foxtail,118,6,265,1,88.6,102,93,0,0,0,0
2020-06-25,4,majors vindication,124,4,20,0,70.5,90,72,0,0,0,0
2020-06-25,4,holy muchacho,118,3,20,1,78.2,90,71,0,0,0,0
2020-06-25,4,martial eagle,124,4,12,1,85.7,89,77,0,0,0,0
2020-06-25,4,tiz mcnamara,124,5,20,1,76.2,92,81,0,0,0,0
2020-06-25,4,quana dude,118,3,61,1,71.1,85,69,0,0,0,0
2020-06-25,4,gum tree lane,124,4,55,1,69.0,98,74,0,0,0,0
2020-06-25,5,pyser's orb,118,3,110,0,64.7,84,51,0,0,0,0
2020-06-25,5,stick figure,118,3,298,0,31.9,85,19,0,0,0,0
2020-06-25,5,bucky,118,3,11,0,53.4,84,55,0,0,0,0
2020-06-25,5,shaw,118,3,20,0,71.1,84,69,0,0,0,0
2020-06-25,5,zapper van winkle,124,4,353,0,67.0,90,83,0,0,0,0
2020-06-25,6,zurlin,124,4,31,1,81.6,87,80,0,0,0,0
2020-06-25,6,cirrusly,124,4,30,1,81.2,85,72,0,0,0,0
2020-06-25,6,quiet company,126,4,17,1,81.2,82,72,0,0,0,0
2020-06-25,6,shackleford county,124,5,221,0,58.8,88,78,0,0,0,0
2020-06-25,6,screenwriter,124,5,102,1,85.7,94,86,0,0,0,0
2020-06-25,6,fancified,118,3,26,2,71.8,83,69,0,0,0,0
2020-06-25,6,domonette,124,6,116,1,70.1,96,84,0,0,0,0
2020-06-25,6,flashy biz,124,4,20,0,64.4,79,68,0,0,0,0
2020-06-25,6,rushingirl,117,5,146,2,73.2,90,73,0,0,0,0
2020-06-25,6,angel of mischief,124,5,31,1,101.6,99,92,0,0,0,0
2020-06-25,6,lil miss hot mess,118,3,10,0,69.2,82,70,0,0,0,0
2020-06-25,6,take charge cacky,124,4,132,0,63.0,79,66,0,0,0,0
2020-06-25,7,rockin ready,122,5,118,1,84.3,96,87,0,0,0,0
2020-06-25,7,shacklette,122,4,221,2,71.6,90,75,0,0,0,0
2020-06-25,7,sara sea,122,4,24,1,92.0,93,81,0,0,0,0
2020-06-25,7,tiz ella,122,4,118,2,68.4,89,77,0,0,0,0
2020-06-25,7,goodbye earl,122,4,31,2,73.9,91,78,0,0,0,0
2020-06-25,7,high regard,122,4,88,2,93.1,96,84,0,0,0,0
2020-06-25,8,bourbon calling,121,4,26,4,84.4,101,92,0,0,0,0
2020-06-25,8,seven nation army,121,5,18,5,103.2,102,98,0,0,0,0
2020-06-25,8,mucho,121,4,34,3,104.3,102,96,0,0,0,0
2020-06-25,8,arthur's hope,121,6,128,12,101.7,103,91,0,0,0,1
2020-06-25,8,madison's luna,121,5,223,2,80.0,104,87,0,0,0,0
2020-06-25,8,admiral lynch,121,4,34,3,101.7,101,97,0,0,0,0
2020-06-25,8,line judge,121,6,230,8,86.0,109,100,0,0,0,0
2020-06-25,8,he hate me,121,5,53,4,93.7,109,100,0,0,0,0
2020-06-25,9,loaded,118,3,73,0,57.2,87,69,0,0,0,0
2020-06-25,9,violenza,118,3,180,0,63.3,83,68,0,0,0,0
2020-06-25,9,fashion mo,118,3,25,0,80.7,86,76,0,0,0,0
2020-06-25,9,i hear you,118,3,25,0,81.6,80,75,0,0,0,0
2020-06-25,9,elke do jaguarete (brz),124,4,18,0,69.2,87,71,0,0,0,0
2020-06-25,9,golden loch,124,4,18,0,80.5,82,74,0,0,0,0
2020-06-25,9,well respected,118,3,38,0,74.2,81,68,0,0,0,0
2020-06-25,9,jeweled princess,118,3,24,0,77.5,87,77,0,0,0,0
2020-06-25,9,sursum corda,118,3,83,0,77.9,88,81,0,0,0,0
2020-06-25,9,ship's creek,118,3,30,0,72.5,78,69,0,0,0,0
2020-06-25,9,longpants required,118,3,41,0,70.7,81,69,0,0,0,0
2020-06-25,9,daddymademedoit,124,4,25,0,84.8,86,74,0,0,0,0
2020-06-25,1,our secret agent,118,3,25,0,72.8,81,72,0,0,0,0
2020-06-25,1,better with age,118,3,66,0,71.6,84,66,0,0,0,0
2020-06-25,1,wellington wonder,118,3,221,0,61.2,84,67,0,0,0,0
2020-06-25,1,hands up,124,4,25,0,70.9,81,70,0,0,0,0
2020-06-25,1,sally o'brien,118,3,123,0,59.2,82,53,0,0,0,0
2020-06-26,8,get western,122,5,222,4,81.6,106,96,0,0,0,0
2020-06-26,8,snapper sinclair,122,5,33,1,103.3,113,103,0,0,0,0
2020-06-26,8,gray attempt,122,4,61,0,63.1,105,84,0,0,0,0
2020-06-26,8,first premio,122,6,33,3,101.2,114,108,0,0,0,0
2020-06-26,8,two thirty five,122,6,54,0,87.3,109,101,0,0,0,0
2020-06-26,8,holiday stone,122,6,246,4,95.1,111,104,0,0,0,0
2020-06-26,8,mr. misunderstood,122,6,33,12,102.2,110,97,0,0,0,1
2020-06-26,8,doctor mounty,122,7,33,5,108.3,113,108,0,0,0,0
2020-06-26,8,seven trumpets,122,5,152,0,70.4,107,84,0,0,0,0
2020-06-26,8,great wide open (ire),122,8,187,3,87.9,112,94,0,0,0,0
2020-06-26,8,made you look,122,6,33,2,93.9,114,98,0,0,0,0
2020-06-26,8,mr dumas,126,4,35,3,114.3,104,102,0,0,0,0
2020-06-26,9,osprey court,124,4,286,0,45.4,74,43,0,0,0,0
2020-06-26,9,master of domain,118,3,103,0,68.2,77,66,0,0,0,0
2020-06-26,9,queen licia,118,3,250,0,59.9,88,68,0,0,0,0
2020-06-26,9,beach house,124,4,428,0,54.4,95,61,0,0,0,0
2020-06-26,9,katie's belle,124,4,328,0,53.8,76,61,0,0,0,0
2020-06-26,9,dulce maria,118,3,215,0,30.9,79,26,0,0,0,0
2020-06-26,2,yogurt,119,2,28,0,77.3,83,69,0,0,0,0
2020-06-26,3,job security,124,4,122,1,77.5,96,86,0,0,0,0
2020-06-26,3,all west,124,4,28,1,87.1,93,84,0,0,0,0
2020-06-26,3,mr. quality,118,3,7,1,88.0,87,74,0,0,0,0
2020-06-26,3,what a country,120,3,26,1,88.5,96,85,0,0,0,0
2020-06-26,3,beau luminarie,124,4,54,1,98.5,95,87,0,0,0,0
2020-06-26,3,gigging,124,4,31,4,86.3,96,86,0,0,0,0
2020-06-26,3,hombrazo,118,3,67,2,98.4,80,73,0,0,0,0
2020-06-26,4,skyhawk,124,5,12,0,59.0,84,71,0,0,0,0
2020-06-26,4,messina,118,3,26,0,63.9,82,74,0,0,0,0
2020-06-26,4,never forget,118,3,57,0,75.9,84,76,0,0,0,0
2020-06-26,4,angel de cora,118,3,33,0,81.6,87,70,0,0,0,0
2020-06-26,4,glamour girl,118,3,25,0,99.4,84,75,0,0,0,0
2020-06-26,4,majorette,118,3,33,0,83.6,83,80,0,0,0,0
2020-06-26,4,she's a deal,118,3,35,0,68.6,82,58,0,0,0,0
2020-06-26,4,risotto,118,3,19,0,59.0,85,44,0,0,0,0
2020-06-26,5,mau mau,118,3,26,0,63.0,88,80,0,0,0,0
2020-06-26,5,shaka,118,3,75,0,57.7,92,71,0,0,0,0
2020-06-26,5,it's mandatory,118,3,116,0,72.9,81,61,0,0,0,0
2020-06-26,5,stock deal,118,3,39,0,53.5,91,59,0,0,0,0
2020-06-26,5,tiz light the way,118,3,18,0,77.8,89,72,0,0,0,0
2020-06-26,5,tolkien,118,3,126,0,81.9,89,74,0,0,0,0
2020-06-26,5,all about will,124,4,61,0,64.9,91,73,0,0,0,0
2020-06-26,5,deanos cape,118,3,28,0,74.5,87,72,0,0,0,0
2020-06-26,5,highland boss,118,3,11,0,62.3,83,69,0,0,0,0
2020-06-26,5,reigning spirit,118,3,25,0,90.6,97,87,0,0,0,0
2020-06-26,5,aztec empire,124,4,26,0,71.8,86,78,0,0,0,0
2020-06-26,5,cleveland simpson,118,3,25,0,90.2,86,76,0,0,0,0
2020-06-26,5,chocolate bar,118,3,69,0,84.8,91,82,0,0,0,0
2020-06-26,5,ahnaf,118,3,25,0,85.2,91,53,0,0,0,0
2020-06-26,6,unthrottled,118,3,14,0,80.7,90,72,0,0,0,0
2020-06-26,6,hidden promise,118,3,26,1,72.4,85,63,0,0,0,0
2020-06-26,6,lucky bode,123,6,154,0,63.0,88,70,0,0,0,0
2020-06-26,6,bahama channel,118,3,27,0,45.8,84,63,0,0,0,0
2020-06-26,6,tiz our turn,123,5,25,0,68.9,89,74,0,0,0,0
2020-06-26,6,saratogian,118,3,40,1,76.1,90,76,0,0,0,0
2020-06-26,6,continuum,123,4,301,1,73.6,76,79,0,0,0,0
2020-06-26,6,automate,118,3,27,0,70.8,87,75,0,0,0,0
2020-06-26,6,soaring bird,123,5,68,1,94.0,97,87,0,0,0,0
2020-06-26,6,natural history,120,3,26,1,81.1,84,68,0,0,0,0
2020-06-26,7,jungle warfare,122,5,27,4,97.8,101,95,0,0,0,0
2020-06-26,7,proverb,122,4,54,2,92.6,97,89,0,0,0,0
2020-06-26,7,thirstforlife,122,6,26,6,79.3,110,90,0,0,0,0
2020-06-26,7,top seed,122,4,26,0,86.8,98,88,0,0,0,0
2020-06-26,7,gun it,122,4,26,2,90.7,102,91,0,0,0,0
2020-06-26,7,croatian,122,5,12,5,91.9,100,92,0,0,0,0
2020-06-26,7,fort peck,122,5,27,4,91.2,101,84,0,0,0,0
2020-06-26,7,seek the peak,122,4,26,2,93.2,96,86,0,0,0,0
2020-06-26,7,plus que parfait,122,4,26,2,87.9,105,94,0,0,0,0
2020-06-26,7,chess chief,122,4,54,2,99.2,105,99,0,0,0,0
2020-06-26,7,blueridge traveler,122,6,210,4,93.0,108,104,0,0,0,0
2020-06-26,7,kaziranga,122,4,26,3,81.8,98,90,0,0,0,0
2020-06-26,7,dinar,124,4,40,2,85.2,95,85,0,0,0,0
2020-06-26,7,almithmaar,122,5,32,0,81.1,105,95,0,0,0,0
2020-06-26,1,stay home,118,6,21,9,75.9,97,83,0,0,0,1
2020-06-26,1,top brass,118,7,34,7,84.6,102,90,0,0,0,0
2020-06-26,1,spikes shirl,118,7,21,3,83.5,102,82,0,0,0,0
2020-06-26,1,flat lucky,118,5,34,5,85.0,103,87,0,0,0,0
2020-06-26,1,around the dial,118,4,34,4,84.9,90,80,0,0,0,0
2020-06-26,1,nomo ron,118,5,20,3,88.1,95,81,0,0,0,0
2020-06-26,1,lady's weekend,118,4,21,3,81.7,90,74,0,0,0,0
2020-06-26,1,sharp art,118,8,21,8,76.9,103,79,0,0,0,0
2020-06-11,3,lady mckenzie,118,3,20,1,64.0,83,64,0,0,0,0
2020-06-11,3,elusive ride,118,3,10,1,70.5,81,64,0,0,0,0
2020-06-11,3,lemon chill,124,4,217,1,74.3,84,76,0,0,0,0
2020-06-11,3,c'est mardi,124,4,62,1,66.4,80,73,0,0,0,0
2020-06-11,3,addison,118,3,20,1,70.7,79,68,0,0,0,0
2020-06-11,3,she's hot today,124,4,81,1,73.2,85,73,0,0,0,0
2020-06-11,4,itasca,118,3,103,0,60.6,74,58,0,0,0,0
2020-06-11,4,taino house,118,3,19,0,59.0,78,59,0,0,0,0
2020-06-11,4,siete leguas,118,3,66,0,51.4,76,42,0,0,0,0
2020-06-11,4,brother martin,118,3,19,0,63.2,88,70,0,0,0,0
2020-06-11,4,good clean fun,118,3,116,0,68.1,85,60,0,0,0,0
2020-06-11,4,mr. class,124,4,11,0,44.8,81,48,0,0,0,0
2020-06-11,5,charge the line,118,5,17,4,87.6,97,78,0,0,0,0
2020-06-11,5,p r radio star,118,5,24,8,85.6,98,86,0,0,0,1
2020-06-11,5,boyfriend material,118,5,46,2,83.1,99,81,0,0,0,0
2020-06-11,5,hoonani road,118,5,74,6,89.3,98,95,0,0,0,0
2020-06-11,5,touching rainbows,118,7,54,7,93.5,106,92,0,0,0,0
2020-06-11,5,durango kid,118,5,99,6,84.9,91,74,0,0,0,0
2020-06-11,5,pat daddy,120,8,28,10,92.5,100,93,0,0,0,1
2020-06-11,6,austrian,118,3,88,0,59.9,85,53,0,0,0,0
2020-06-11,6,unthrottled,118,3,67,1,85.2,89,72,0,0,0,0
2020-06-11,6,dean martini,118,3,24,0,90.1,93,84,0,0,0,0
2020-06-11,6,pleasecallmeback,118,3,52,0,83.9,92,88,0,0,0,0
2020-06-11,6,blanket of roses,118,3,88,2,91.1,85,78,0,0,0,0
2020-06-11,6,king theo,118,3,24,0,87.3,90,77,0,0,0,0
2020-06-11,6,elusive ruler,120,3,39,1,85.4,95,82,0,0,0,0
2020-06-11,6,fancy liquor,118,3,88,1,101.5,99,83,0,0,0,0
2020-06-11,6,prodigious bay,118,3,39,0,73.1,91,83,0,0,0,0
2020-06-11,6,extraordinary,118,3,25,0,76.9,92,88,0,0,0,0
2020-06-11,7,hidden talent,123,4,103,0,68.2,97,79,0,0,0,0
2020-06-11,7,golden notion,125,4,18,1,90.2,91,88,0,0,0,0
2020-06-11,7,firery tale,123,4,55,1,86.0,93,84,0,0,0,0
2020-06-11,7,soaring bird,123,5,53,1,91.6,97,87,0,0,0,0
2020-06-11,7,comedian,123,4,13,0,77.6,96,85,0,0,0,0
2020-06-11,7,hersh,123,5,25,1,84.4,98,87,0,0,0,0
2020-06-11,7,grove daddy,123,4,25,1,78.9,89,77,0,0,0,0
2020-06-11,7,and seek,123,4,13,0,85.3,97,89,0,0,0,0
2020-06-11,8,aurelia garland,118,3,25,0,73.6,87,87,0,0,0,0
2020-06-11,8,impeccable style,118,3,88,0,87.9,88,84,0,0,0,0
2020-06-11,8,morning gold,118,3,203,0,78.1,85,75,0,0,0,0
2020-06-11,8,elusive molly,118,3,16,2,91.9,82,81,0,0,0,0
2020-06-11,8,seattle slang,118,3,48,1,79.0,83,75,0,0,0,0
2020-06-11,8,bourbina,118,3,25,0,69.6,82,60,0,0,0,0
2020-06-11,9,u s s lexington,118,3,81,0,71.7,84,71,0,0,0,0
2020-06-11,9,a little voodoo,118,3,200,0,76.3,82,77,0,0,0,0
2020-06-11,9,magic motion,118,3,16,0,63.6,79,54,0,0,0,0
2020-06-11,9,good on paper,118,3,90,0,74.8,85,74,0,0,0,0
2020-06-11,9,shell shock,118,3,185,0,67.6,83,56,0,0,0,0
2020-06-11,9,willyoubemine,118,3,74,0,72.7,80,69,0,0,0,0
2020-06-11,9,irrepressible,118,3,227,0,51.2,82,64,0,0,0,0
2020-06-11,9,april in paris,118,3,25,0,84.0,84,79,0,0,0,0
2020-06-11,9,complete surprise,118,3,17,0,73.9,81,68,0,0,0,0
2020-06-11,9,abramax,118,3,317,0,71.1,78,72,0,0,0,0
2020-06-11,9,take charge patti,118,3,18,0,68.6,87,68,0,0,0,0
2020-06-11,9,rearrange,125,4,52,0,67.4,85,68,0,0,0,0
2020-06-11,9,broadway lady,118,3,116,0,83.2,91,79,0,0,0,0
2020-06-11,9,justleaveitalone,118,3,73,0,74.8,84,72,0,0,0,0
2020-06-11,1,cadron flats,123,4,54,2,64.7,87,64,0,0,0,0
2020-06-11,1,town drunk,123,4,21,1,69.5,86,60,0,0,0,0
2020-06-11,1,southsider,123,5,20,1,74.3,87,73,0,0,0,0
2020-06-11,1,firehorn,123,5,67,1,84.1,92,79,0,0,0,0
2020-06-11,1,sparkys surprise,123,6,96,2,66.7,82,70,0,0,0,0
2020-06-11,1,quest for fire,123,6,20,2,73.2,85,69,0,0,0,0
2020-06-07,1,indicating,118,4,92,2,41.3,76,51,0,0,0,0
2020-06-07,1,reachreachreach,118,4,45,4,76.5,85,76,0,0,0,0
2020-06-07,1,northern connect,118,9,72,7,51.0,78,60,0,0,0,0
2020-06-07,1,champagne bling,118,5,15,3,61.1,79,64,0,0,0,0
2020-06-07,1,no interest,118,7,77,2,68.3,87,80,0,0,0,0
2020-06-07,1,dichotomy,118,4,51,3,75.5,90,80,0,0,0,0
2020-06-07,1,backseat promises,118,5,31,4,72.7,86,68,0,0,0,0
2020-06-07,2,red again,118,6,37,8,87.1,94,82,0,0,0,1
2020-06-07,2,kristo,118,9,16,4,77.5,93,79,0,0,0,0
2020-06-07,2,whole lotta luck,118,6,35,6,74.2,92,76,0,0,0,0
2020-06-07,2,kearny county,118,5,14,1,84.3,99,84,0,0,0,0
2020-06-07,2,long on luck,118,6,476,3,74.0,104,92,0,0,0,0
2020-06-07,2,italian charm,118,7,16,3,67.5,96,74,0,0,0,0
2020-06-07,2,all about ashley,118,8,16,8,79.6,97,80,0,0,0,0
2020-06-07,3,bantu,118,5,266,0,70.6,100,93,0,0,0,0
2020-06-07,3,street to indy,120,7,12,1,90.6,101,87,0,0,0,0
2020-06-07,3,lionite,120,5,15,2,85.5,96,84,0,0,0,0
2020-06-07,3,undercover lover,118,5,79,3,75.1,92,82,0,0,0,0
2020-06-07,3,courting a kiss,118,5,44,3,99.3,92,87,0,0,0,0
2020-06-07,3,zaevion,118,6,16,5,83.3,99,89,0,0,0,0
2020-06-07,4,show maid,118,3,50,0,67.2,80,71,0,0,0,0
2020-06-07,4,niva,118,3,77,0,42.6,73,48,0,0,0,0
2020-06-07,4,sense you left,118,3,16,0,61.3,83,61,0,0,0,0
2020-06-07,4,stylish ash,125,4,16,0,54.1,75,70,0,0,0,0
2020-06-07,4,gray nay,118,3,84,0,50.7,77,61,0,0,0,0
2020-06-07,4,andiama,118,3,99,0,77.8,81,71,0,0,0,0
2020-06-07,4,garden affair,125,4,16,0,63.7,81,67,0,0,0,0
2020-06-07,4,bless em,118,3,16,0,76.4,80,44,0,0,0,0
2020-06-07,5,celerity,118,5,84,2,71.6,93,79,0,0,0,0
2020-06-07,5,chop chop charlie,118,5,99,4,85.3,83,77,0,0,0,0
2020-06-07,5,ernie banks,118,5,16,5,86.4,99,88,0,0,0,0
2020-06-07,5,exemplar,118,8,12,5,84.5,99,86,0,0,0,0
2020-06-07,5,take charge d'oro,120,4,35,3,82.6,90,81,0,0,0,0
2020-06-07,5,i will stand,118,4,14,3,88.4,93,83,0,0,0,0
2020-06-07,5,strut the ring,118,8,14,3,86.3,94,82,0,0,0,0
2020-06-07,5,ruler of the nile,118,5,16,1,94.1,103,96,0,0,0,0
2020-06-07,5,solomonic,118,4,44,0,73.7,91,78,0,0,0,0
2020-06-07,6,free enterprise,121,5,133,2,90.8,98,101,0,0,0,0
2020-06-07,6,horse doctor,123,4,37,2,93.9,92,90,0,0,0,0
2020-06-07,6,chaps,121,5,43,1,84.9,99,87,0,0,0,0
2020-06-07,6,much better,121,4,161,2,83.3,102,90,0,0,0,0
2020-06-07,6,travelling midas,121,5,70,2,96.0,101,100,0,0,0,0
2020-06-07,6,prince pierce,121,4,50,5,89.1,90,82,0,0,0,0
2020-06-07,7,baby karats,118,3,84,0,64.3,83,68,0,0,0,0
2020-06-07,7,kilbarry lady,118,3,140,0,70.4,85,73,0,0,0,0
2020-06-07,7,shilah baby,123,4,41,0,69.3,88,77,0,0,0,0
2020-06-07,7,elle z,118,3,24,0,82.0,67,79,0,0,0,0
2020-06-07,7,bentley's dream,123,4,65,0,77.1,93,83,0,0,0,0
2020-06-07,7,listen up,123,4,84,1,82.7,83,69,0,0,0,0
2020-06-07,7,kodikova (ire),118,3,211,1,65.0,84,72,0,0,0,0
2020-06-07,7,fashionable lady,118,3,352,1,74.3,83,92,0,0,0,0
2020-06-07,7,tulanian,118,3,21,1,77.3,83,59,0,0,0,0
2020-06-07,7,headfirst,123,5,77,1,55.5,79,50,0,0,0,0
2020-06-07,8,fugitive,118,3,14,0,82.2,89,76,0,0,0,0
2020-06-07,8,belfast boy,118,3,14,0,84.0,89,79,0,0,0,0
2020-06-07,8,inis gluaire,118,3,36,0,82.0,87,77,0,0,0,0
2020-06-07,8,the feature,118,3,20,0,77.0,84,75,0,0,0,0
2020-06-07,8,willfred,118,3,188,0,72.5,87,69,0,0,0,0
2020-06-07,8,dark web,124,4,28,0,75.1,91,81,0,0,0,0
2020-06-07,8,chasing anna,118,3,20,0,78.2,90,82,0,0,0,0
2020-06-07,8,mine that star,118,3,85,0,65.6,83,69,0,0,0,0
2020-06-07,8,full authority,118,3,14,0,87.6,87,68,0,0,0,0
2020-06-07,9,roiland,122,4,85,2,106.1,102,91,0,0,0,0
2020-06-07,9,lone sailor,122,5,48,2,92.0,110,96,0,0,0,0
2020-06-07,9,lenstar,122,6,42,2,85.1,105,90,0,0,0,0
2020-06-07,9,flowers for lisa,122,7,175,12,83.6,108,88,0,0,0,1
2020-06-07,9,my sixth sense,122,4,48,4,94.7,97,91,0,0,0,0
2020-06-07,9,rated r superstar,122,7,35,3,93.3,110,96,0,0,0,0
2020-06-05,1,katzarelli,118,3,33,1,78.8,82,75,0,0,0,0
2020-06-05,1,verve's humor,124,5,55,2,84.7,95,84,0,0,0,0
2020-06-05,1,lngtermrelationshp,124,5,34,1,85.7,96,85,0,0,0,0
2020-06-05,1,fra mauro,124,5,33,2,87.2,93,86,0,0,0,0
2020-06-05,1,johny's bobby,124,4,293,2,67.1,89,77,0,0,0,0
2020-06-05,1,adhhar,118,3,61,0,80.5,82,79,0,0,0,0
2020-06-05,2,stellar stiletto,123,4,18,1,60.9,81,60,0,0,0,0
2020-06-05,2,magna g force,123,6,183,1,48.8,64,60,0,0,0,0
2020-06-05,2,whiskarita,123,4,55,1,70.6,85,60,0,0,0,0
2020-06-05,2,red jersey,123,4,18,1,39.6,77,52,0,0,0,0
2020-06-05,2,lillet,123,5,89,1,68.8,75,67,0,0,0,0
2020-06-05,2,lyonaisse,123,4,75,1,62.0,72,62,0,0,0,0
2020-06-05,3,so caught up in u,118,6,111,4,74.4,93,73,0,0,0,0
2020-06-05,3,reason to soar,118,6,77,4,79.6,100,82,0,0,0,0
2020-06-05,3,cee r bee,118,4,88,3,75.1,81,68,0,0,0,0
2020-06-05,3,sevier,118,6,13,7,83.8,103,84,0,0,0,0
2020-06-05,3,park ridge benny,118,5,55,3,64.1,94,69,0,0,0,0
2020-06-05,3,grab the munny,118,4,61,3,90.7,94,83,0,0,0,0
2020-06-05,3,fascilitator,118,5,18,5,87.9,100,85,0,0,0,0
2020-06-05,3,twinkling knight,118,6,19,1,63.1,78,58,0,0,0,0
2020-06-05,4,baytown bear,119,2,13,0,56.8,87,48,0,0,0,0
2020-06-05,4,breakthrough,119,2,26,0,70.6,82,65,0,0,0,0
2020-06-05,4,lucky as a seven,119,2,34,0,70.6,69,68,0,0,0,0
2020-06-05,4,little alex,119,2,13,0,81.9,87,77,0,0,0,0
2020-06-05,5,olympic romp,118,3,48,1,65.4,77,67,0,0,0,0
2020-06-05,5,gangly,118,3,41,0,74.7,90,75,0,0,0,0
2020-06-05,5,jimmie t,120,3,40,1,59.7,81,51,0,0,0,0
2020-06-05,5,pepper pike,118,3,41,1,71.6,84,71,0,0,0,0
2020-06-05,5,ghost game,118,3,35,0,65.7,88,74,0,0,0,0
2020-06-05,5,something natural,118,3,54,2,79.2,87,77,0,0,0,0
2020-06-05,5,artemus eagle,120,3,41,2,76.1,84,75,0,0,0,0
2020-06-05,5,carpe victoriam,118,3,68,0,92.7,78,72,0,0,0,0
2020-06-05,6,mrs. kimberly k,124,4,67,0,60.6,76,59,0,0,0,0
2020-06-05,6,got a good notion,124,4,39,0,66.2,80,68,0,0,0,0
2020-06-05,6,teenage kicks,118,3,33,0,65.7,78,66,0,0,0,0
2020-06-05,6,kisses for heidi,118,3,119,0,53.7,77,54,0,0,0,0
2020-06-05,6,justa simple girl,118,3,254,0,31.3,54,28,0,0,0,0
2020-06-05,6,luminaire,118,3,56,0,54.6,82,55,0,0,0,0
2020-06-05,6,actress on board,124,5,108,0,51.3,80,49,0,0,0,0
2020-06-05,7,lucky betty,120,3,42,2,86.6,86,81,0,0,0,0
2020-06-05,7,alta's award,118,3,34,2,86.6,87,83,0,0,0,0
2020-06-05,7,fire coral,118,3,34,2,88.2,91,86,0,0,0,0
2020-06-05,7,embossed,118,3,89,1,77.0,82,71,0,0,0,0
2020-06-05,7,auction fever,118,3,42,2,88.3,81,74,0,0,0,0
2020-06-05,7,mizzen beau,118,3,89,1,79.7,81,76,0,0,0,0
2020-06-05,7,lazy daisy,118,3,34,1,73.2,94,74,0,0,0,0
2020-06-05,8,caira,124,4,201,0,72.4,82,80,0,0,0,0
2020-06-05,8,jen take charge,124,4,84,1,87.7,86,82,0,0,0,0
2020-06-05,8,templuna,124,4,18,0,67.5,85,71,0,0,0,0
2020-06-05,8,vanilla cat,124,5,161,0,79.2,93,86,0,0,0,0
2020-06-05,8,hashtag winner,118,3,14,0,62.8,83,69,0,0,0,0
2020-06-05,8,private beach,124,4,111,0,68.9,91,82,0,0,0,0
2020-06-05,8,eternal peace,124,4,46,1,73.0,84,74,0,0,0,0
2020-06-05,8,woodfin,124,4,68,1,79.0,90,81,0,0,0,0
2020-06-05,8,singita dreams,124,4,119,0,80.6,77,70,0,0,0,0
2020-06-05,8,smooth with a kick,124,4,155,0,94.0,90,86,0,0,0,0
2020-06-05,8,lido key,124,4,28,1,96.7,83,80,0,0,0,0
2020-06-05,8,ellens birthday,124,8,161,1,63.4,92,63,0,0,0,0
2020-06-05,8,channel princess,124,4,14,0,69.7,85,75,0,0,0,0
2020-06-05,8,velvet crush,118,3,32,0,77.4,83,74,0,0,0,0
2020-06-05,9,fast cash,118,3,34,0,57.5,89,72,0,0,0,0
2020-06-05,9,dynacharge,118,3,279,0,53.3,77,64,0,0,0,0
2020-06-05,9,cernan,118,3,75,0,79.2,90,76,0,0,0,0
2020-06-07,9,scars are cool,124,4,42,3,97.9,101,95,0,0,0,0
2020-06-07,9,core beliefs,122,5,224,3,92.0,114,101,0,0,0,0
2020-06-07,9,bourbon resolution,122,5,70,2,81.0,110,100,0,0,0,0
2020-06-07,10,alfons walde (ire),125,4,343,0,70.6,92,87,0,0,0,0
2020-06-07,10,peddlers pride,118,3,14,0,75.0,94,70,0,0,0,0
2020-06-07,10,tiz light the way,118,3,29,0,76.0,87,69,0,0,0,0
2020-06-07,10,fiftyfive strong,118,3,84,0,77.0,91,69,0,0,0,0
2020-06-07,10,pip's brassy boy,118,3,21,0,56.9,91,37,0,0,0,0
2020-06-07,10,a. k. safari,125,4,21,0,85.4,90,74,0,0,0,0
2020-06-07,10,two by two,118,3,30,0,100.7,84,73,0,0,0,0
2020-06-07,10,ahsad,118,3,44,0,73.6,86,73,0,0,0,0
2020-06-07,10,cornbread kingdom,118,3,35,0,61.9,88,73,0,0,0,0
2020-06-07,10,fan favorite,118,3,21,0,61.9,80,57,0,0,0,0
2020-06-07,10,sunrise kitten,118,3,91,0,85.3,90,81,0,0,0,0
2020-06-07,10,better tapit,125,4,231,0,76.1,92,82,0,0,0,0
2020-06-14,1,free,118,3,13,0,66.1,80,57,0,0,0,0
2020-06-14,1,sweet willemina,118,3,394,0,50.8,84,61,0,0,0,0
2020-06-14,1,factor around,124,4,20,0,73.9,80,70,0,0,0,0
2020-06-14,1,wises landing,118,3,265,0,40.6,71,45,0,0,0,0
2020-06-14,2,forty nine model,118,3,22,2,71.6,72,66,0,0,0,0
2020-06-14,2,elle factor,123,4,147,2,66.7,71,63,0,0,0,0
2020-06-14,2,war ballad,123,4,42,2,72.7,89,74,0,0,0,0
2020-06-14,2,lil miss hot mess,118,3,51,2,68.4,83,72,0,0,0,0
2020-06-14,2,love my honey,123,4,20,2,77.3,85,60,0,0,0,0
2020-06-14,3,river finn,118,3,15,0,81.6,90,74,0,0,0,0
2020-06-14,3,tidal effect,124,5,19,1,74.9,86,72,0,0,0,0
2020-06-14,3,jimmy at last,124,4,28,0,74.9,86,75,0,0,0,0
2020-06-14,3,soul beam,124,5,16,1,80.5,100,91,0,0,0,0
2020-06-14,3,yamano maker (jpn),124,5,13,1,66.4,97,67,0,0,0,0
2020-06-14,3,dealin' stelen,117,4,50,1,58.8,80,53,0,0,0,0
2020-06-14,3,hitthegroundrunnin,124,5,9,0,62.9,77,57,0,0,0,0
2020-06-14,4,port hunter,118,3,16,0,70.7,93,65,0,0,0,0
2020-06-14,4,battle of ramadi,118,3,22,0,56.1,89,49,0,0,0,0
2020-06-14,4,arabian story,124,4,22,0,77.7,85,75,0,0,0,0
2020-06-14,4,fast recovery,124,5,16,0,54.4,74,57,0,0,0,0
2020-06-14,4,mcshady,118,3,51,0,67.5,89,60,0,0,0,0
2020-06-14,4,big biz,118,3,22,0,57.5,81,49,0,0,0,0
2020-06-14,4,ihadadream,118,3,120,0,42.4,63,39,0,0,0,0
2020-06-14,5,fareeq,121,6,57,3,91.1,100,87,0,0,0,0
2020-06-14,5,i can do anything,121,6,245,2,88.9,95,88,0,0,0,0
2020-06-14,5,jazzy times,121,7,139,2,88.0,113,100,0,0,0,0
2020-06-14,5,battle station,121,5,50,2,94.9,105,91,0,0,0,0
2020-06-14,5,rubus,121,5,206,0,81.5,100,90,0,0,0,0
2020-06-14,5,powell,121,4,119,0,92.3,96,88,0,0,0,0
2020-06-14,5,early mischief,121,4,15,1,87.6,97,87,0,0,0,0
2020-06-14,5,bye bye birdstone,121,5,19,2,79.2,99,86,0,0,0,0
2020-06-14,5,tommytom,121,5,28,1,63.3,97,53,0,0,0,0
2020-06-14,5,fig jelly,121,5,22,1,98.3,108,105,0,0,0,0
2020-06-14,5,secretary at war,121,6,84,1,79.1,109,92,0,0,0,0
2020-06-14,5,chaps,121,5,50,1,93.8,99,87,0,0,0,0
2020-06-14,6,red blue and true,118,7,15,3,53.9,84,60,0,0,0,0
2020-06-14,6,fridaynitestar,118,6,15,8,68.7,91,75,0,0,0,0
2020-06-14,6,long on luck,118,6,6,0,63.7,100,86,0,0,0,0
2020-06-14,6,ceeky,118,6,55,4,67.1,97,78,0,0,0,0
2020-06-14,6,junior gilliam,118,7,23,5,81.8,95,86,0,0,0,0
2020-06-14,6,flight time (brz),118,6,15,3,78.8,97,73,0,0,0,0
2020-06-14,6,match play,118,6,83,3,78.1,88,77,0,0,0,0
2020-06-14,6,crush it,118,5,13,2,80.8,94,84,0,0,0,0
2020-06-14,6,tres equis,118,5,44,1,69.9,99,77,0,0,0,0
2020-06-14,6,pete marwick,118,5,13,3,79.2,93,76,0,0,0,0
2020-06-14,7,big base,118,5,84,3,69.3,88,73,0,0,0,0
2020-06-14,7,hero for hire,118,7,414,4,79.6,81,79,0,0,0,0
2020-06-14,7,its cold in dehere,118,4,85,4,75.5,86,77,0,0,0,0
2020-06-14,7,princess trina,118,4,22,2,78.0,88,76,0,0,0,0
2020-06-14,7,carina,118,4,20,2,75.4,83,75,0,0,0,0
2020-06-14,7,sunset paula jo,118,5,107,5,61.8,91,69,0,0,0,0
2020-06-14,7,j d's girl,118,4,134,3,64.4,86,69,0,0,0,0
2020-06-14,8,wildlife,122,4,78,2,98.7,97,89,0,0,0,0
2020-06-14,8,high regard,122,4,77,0,93.0,96,84,0,0,0,0
2020-06-14,8,solar kitten,122,4,45,1,101.9,93,87,0,0,0,0
2020-05-31,6,miss annie,124,4,62,0,35.1,66,34,0,0,0,0
2020-05-31,6,worthaprettypenny,118,3,72,0,49.7,74,45,0,0,0,0
2020-05-31,6,cavatica,118,3,51,0,54.5,81,49,0,0,0,0
2020-05-31,6,american values,118,3,72,0,50.3,72,48,0,0,0,0
2020-05-31,6,azlynn's dreamer,124,4,62,0,54.8,70,50,0,0,0,0
2020-05-31,6,ready to play,118,3,86,0,54.6,79,45,0,0,0,0
2020-05-31,6,every single day,124,4,51,0,68.2,82,71,0,0,0,0
2020-05-31,6,slainte,118,3,98,0,41.7,80,30,0,0,0,0
2020-05-31,6,cold hearted wench,118,3,253,0,47.5,71,59,0,0,0,0
2020-05-31,7,yamano maker (jpn),123,5,14,0,67.1,99,67,0,0,0,0
2020-05-31,7,stormin el prado,123,6,203,0,56.1,93,63,0,0,0,0
2020-05-31,7,deacon,118,3,192,1,55.1,67,59,0,0,0,0
2020-05-31,7,k w captain flint,118,3,103,1,78.2,83,75,0,0,0,0
2020-05-31,7,special reserve,123,4,44,1,99.6,91,70,0,0,0,0
2020-05-31,7,cold smoke,118,3,44,1,82.5,78,71,0,0,0,0
2020-05-31,7,reelfoot,123,4,30,1,80.6,85,72,0,0,0,0
2020-05-31,7,connection,118,3,35,1,79.0,88,70,0,0,0,0
2020-05-31,7,nashvegas,118,3,51,1,66.5,76,55,0,0,0,0
2020-05-31,7,critic,118,3,163,1,54.9,79,57,0,0,0,0
2020-05-31,7,royal commission,118,3,14,1,84.8,92,76,0,0,0,0
2020-05-31,8,witez,118,3,91,1,95.1,84,79,0,0,0,0
2020-05-31,8,ella brilla,118,3,36,1,83.0,83,75,0,0,0,0
2020-05-31,8,pranked,118,3,84,1,74.8,76,62,0,0,0,0
2020-05-31,8,elusive ride,118,3,37,0,58.7,80,63,0,0,0,0
2020-05-31,8,first course,118,3,41,0,74.4,81,68,0,0,0,0
2020-05-31,8,secure connection,118,3,84,0,82.9,81,75,0,0,0,0
2020-05-31,8,i was looking up,118,3,155,0,68.2,80,65,0,0,0,0
2020-05-31,8,queen bridget,118,3,28,1,94.8,83,74,0,0,0,0
2020-05-31,8,shelley's gem,118,3,92,0,59.4,83,63,0,0,0,0
2020-05-31,8,panterita,118,3,114,0,56.6,76,64,0,0,0,0
2020-05-31,8,audrey's time,118,3,84,1,80.6,87,78,0,0,0,0
2020-05-31,8,sneak peek,118,3,83,1,77.0,74,74,0,0,0,0
2020-05-31,9,cash out,122,5,64,0,101.0,99,92,0,0,0,0
2020-05-31,9,final cut,122,4,30,3,74.4,84,71,0,0,0,0
2020-05-31,9,sara sea,122,4,29,1,88.9,92,79,0,0,0,0
2020-05-31,9,more roses,122,4,346,2,76.1,77,83,0,0,0,0
2020-05-31,9,razeena,122,4,85,1,81.9,92,82,0,0,0,0
2020-05-31,9,calf moon bay,122,4,44,2,81.4,94,90,0,0,0,0
2020-05-31,9,saracosa,122,5,42,2,94.7,95,86,0,0,0,0
2020-05-31,9,indy union,122,5,92,2,75.5,94,83,0,0,0,0
2020-05-31,9,subiaco,124,4,57,2,79.3,82,73,0,0,0,0
2020-05-31,10,freedom's flight,125,4,64,0,82.8,92,86,0,0,0,0
2020-05-31,10,opus north,125,4,90,0,75.6,90,80,0,0,0,0
2020-05-31,10,suggested,118,3,70,0,88.5,89,61,0,0,0,0
2020-05-31,10,win d'oro,118,3,28,0,80.5,86,71,0,0,0,0
2020-05-31,10,vasariano,118,3,29,0,61.4,95,76,0,0,0,0
2020-05-31,10,ahnaf,118,3,36,0,48.0,88,32,0,0,0,0
2020-05-31,10,barbaroni,118,3,99,0,81.6,86,71,0,0,0,0
2020-05-31,10,reigning spirit,118,3,70,0,100.0,100,89,0,0,0,0
2020-05-31,10,ghostlore,118,3,42,0,77.5,88,71,0,0,0,0
2020-05-31,10,cleveland simpson,118,3,141,0,70.6,77,71,0,0,0,0
2020-05-31,10,hillbilly deluxe,118,3,237,0,90.0,80,69,0,0,0,0
2020-05-31,10,midnight jostar,118,3,77,0,79.9,92,77,0,0,0,0
2020-05-31,10,britannia kitten,118,3,234,0,62.8,90,76,0,0,0,0
2020-05-31,10,lastchanceatglory,118,3,105,0,81.0,91,78,0,0,0,0
2020-05-31,10,all about will,125,4,35,0,55.9,91,73,0,0,0,0
2020-05-31,10,tonaltalitarian,118,3,28,0,68.9,94,78,0,0,0,0
2020-05-31,10,the falcon,118,3,49,0,58.7,90,67,0,0,0,0
2020-05-31,10,obiwan,118,3,13,0,76.0,85,67,0,0,0,0
2020-05-31,1,miz shelton,118,5,86,1,74.5,91,75,0,0,0,0
2020-05-31,1,straitouttapopcorn,118,5,77,2,80.9,97,86,0,0,0,0
2020-05-31,1,obsolete,118,5,24,2,69.7,91,76,0,0,0,0
2020-05-31,1,diamond crazy,118,4,71,4,80.0,87,79,0,0,0,0
2020-05-31,1,figure it out,118,4,106,0,81.1,89,81,0,0,0,0
2020-05-31,1,skamania,118,5,113,4,86.4,97,91,0,0,0,0
2020-05-31,2,strong yen,120,6,14,3,96.2,93,80,0,0,0,0
2020-05-31,2,summerduck,118,4,74,4,88.8,86,78,0,0,0,0
2020-05-31,2,cave run,118,4,38,3,77.7,93,79,0,0,0,0
2020-05-31,2,here's carlos,118,5,14,4,81.6,96,79,0,0,0,0
2020-06-14,8,sara sea,122,4,13,0,91.9,93,81,0,0,0,0
2020-06-14,8,magic star,122,4,98,2,102.8,102,98,0,0,0,0
2020-06-14,8,mighty scarlett,122,5,20,2,79.6,99,90,0,0,0,0
2020-06-14,8,aunt hattie (ire),122,4,308,2,78.9,88,86,0,0,0,0
2020-06-14,8,makealitlemischief,122,4,27,3,97.1,95,87,0,0,0,0
2020-06-14,8,temple city terror,124,4,27,2,83.1,90,81,0,0,0,0
2020-06-14,8,delta's kingdom,122,4,197,2,83.7,92,87,0,0,0,0
2020-06-14,8,mintd (ire),122,4,98,1,99.2,90,95,0,0,0,0
2020-06-14,8,sister hanan,124,4,20,2,96.1,93,77,0,0,0,0
2020-06-14,9,the gray blur,118,3,27,0,94.5,84,78,0,0,0,0
2020-06-14,9,toledo,118,3,27,1,91.3,92,91,0,0,0,0
2020-06-14,9,american butterfly,118,3,50,1,97.7,94,86,0,0,0,0
2020-06-14,9,lonely private,118,3,85,1,85.3,88,83,0,0,0,0
2020-06-14,9,well connected,122,3,21,1,86.3,85,84,0,0,0,0
2020-06-14,9,prince jersey town,122,3,27,1,86.1,77,73,0,0,0,0
2020-06-14,9,shippingport,118,3,119,1,71.2,88,71,0,0,0,0
2020-06-14,9,ancient warrior,118,3,83,1,97.8,96,94,0,0,0,0
2020-06-14,9,beverly park,118,3,247,1,70.4,85,76,0,0,0,0
2020-06-14,9,night time,118,3,287,1,78.2,85,84,0,0,0,0
2020-06-14,9,high proof,122,3,43,1,97.4,90,82,0,0,0,0
2020-06-14,9,background,118,3,42,0,86.6,93,81,0,0,0,0
2020-06-14,10,hoof prince,118,3,27,0,81.8,88,77,0,0,0,0
2020-06-14,10,highland boss,118,3,294,0,56.7,79,60,0,0,0,0
2020-06-14,10,button box,117,5,84,0,54.6,68,44,0,0,0,0
2020-06-14,10,jupestar,118,3,91,0,62.9,91,61,0,0,0,0
2020-06-14,10,substantial,118,3,233,0,96.8,84,74,0,0,0,0
2020-06-14,10,master ryan,124,4,310,0,80.1,93,85,0,0,0,0
2020-06-14,10,sky ride,118,3,147,0,72.4,84,72,0,0,0,0
2020-06-27,1,sovereign appeal,118,3,89,0,58.9,84,51,0,0,0,0
2020-06-27,1,raison d'etre,118,3,32,0,81.9,78,74,0,0,0,0
2020-06-27,1,curls and bows,118,3,26,0,60.5,85,61,0,0,0,0
2020-06-27,2,curlin grey,118,4,36,3,82.2,90,78,0,0,0,0
2020-06-27,2,hawaakom,118,10,69,9,90.5,106,93,0,0,0,0
2020-06-27,2,exemplar,118,8,19,5,81.5,100,84,0,0,0,0
2020-06-27,2,red again,118,6,57,8,87.1,94,82,0,0,0,1
2020-06-27,2,degrom,118,6,13,9,84.4,103,94,0,0,0,1
2020-06-27,2,altito,118,6,20,8,68.4,98,83,0,0,0,0
2020-06-27,2,parade field,118,4,57,2,84.2,94,85,0,0,0,0
2020-06-27,3,zero gravity,118,5,29,2,100.0,106,95,0,0,0,0
2020-06-27,3,super dude,118,6,28,0,90.4,103,93,0,0,0,0
2020-06-27,3,treasure trove,118,4,3,0,92.9,94,90,0,0,0,0
2020-06-27,3,strolling,118,5,63,0,80.9,105,93,0,0,0,0
2020-06-27,3,nero,118,5,32,0,76.8,108,98,0,0,0,0
2020-06-27,3,kurilov (chi),118,7,32,1,87.9,100,90,0,0,0,0
2020-06-27,3,lusitano,118,5,28,3,95.5,98,90,0,0,0,0
2020-06-27,3,ransack,118,7,26,4,69.8,96,71,0,0,0,0
2020-06-27,3,clint maroon (gb),118,4,36,3,96.2,105,94,0,0,0,0
2020-06-27,3,honovi,118,7,29,3,100.7,106,93,0,0,0,0
2020-06-27,3,discovered,118,5,99,2,89.4,99,84,0,0,0,0
2020-06-27,4,medicine tail,119,2,28,0,79.5,87,71,0,0,0,0
2020-06-27,4,nautilus,119,2,28,0,77.3,87,68,0,0,0,0
2020-06-27,5,tonaltalitarian,118,3,55,0,80.0,94,78,0,0,0,0
2020-06-27,5,pit boss,118,3,33,0,92.2,94,83,0,0,0,0
2020-06-27,5,ashiham,118,3,27,0,94.5,89,85,0,0,0,0
2020-06-27,5,belfast boy,118,3,19,0,75.8,90,74,0,0,0,0
2020-06-27,5,it's mandatory,118,3,117,0,68.8,81,61,0,0,0,0
2020-06-27,5,bakers bay,124,4,27,0,94.6,94,81,0,0,0,0
2020-06-27,5,all about will,124,4,62,0,70.3,91,73,0,0,0,0
2020-06-27,5,mulberry street,118,3,19,0,54.2,91,53,0,0,0,0
2020-06-27,6,stop shoppin tammy,118,3,97,1,83.8,86,75,0,0,0,0
2020-06-27,6,impeccable style,118,3,15,0,93.2,89,87,0,0,0,0
2020-06-27,6,second coming,124,4,28,0,76.3,91,77,0,0,0,0
2020-06-27,6,tipsy gal,118,3,20,0,70.2,84,81,0,0,0,0
2020-06-27,6,ria munk,124,5,28,0,81.3,87,81,0,0,0,0
2020-06-27,6,enjoyitwhilewecan,124,4,33,1,78.2,90,81,0,0,0,0
2020-06-27,6,lemon chill,124,4,15,1,80.1,84,77,0,0,0,0
2020-06-27,6,coldwater,124,5,32,1,88.8,93,87,0,0,0,0
2020-06-27,6,crazy sexy munny,124,4,29,6,87.8,84,81,0,0,0,0
2020-06-27,7,captain scotty,121,6,118,0,107.1,108,104,0,0,0,0
2020-06-27,7,ghoul (brz),121,5,28,6,94.1,103,86,0,0,0,0
2020-06-27,7,corruze,121,4,296,2,90.0,103,99,0,0,0,0
2020-06-27,7,smart remark,121,5,90,0,93.3,112,99,0,0,0,0
2020-06-27,7,fareeq,121,6,12,3,90.2,102,88,0,0,0,0
2020-06-27,7,just might,123,4,14,2,100.0,98,96,0,0,0,0
2020-06-27,7,carotari,123,4,28,3,103.2,106,101,0,0,0,0
2020-06-27,7,gray attempt,121,4,62,0,63.1,105,84,0,0,0,0
2020-06-27,7,holiday stone,121,6,247,2,92.8,111,104,0,0,0,0
2020-06-27,8,hulen,120,2,14,1,63.5,88,70,0,0,0,0
2020-06-27,8,gatsby,120,2,70,1,86.1,82,83,0,0,0,0
2020-06-27,8,hyperfocus,120,2,48,1,86.6,82,83,0,0,0,0
2020-06-27,8,herd immunity,120,2,20,1,98.0,90,92,0,0,0,0
2020-06-27,8,county final,120,2,21,0,90.6,88,86,0,0,0,0
2020-06-27,9,go google yourself,120,5,69,7,96.6,103,94,0,0,0,0
2020-06-27,9,another broad,120,5,34,4,101.1,103,94,0,0,0,0
2020-06-27,9,chocolate kisses,120,4,34,1,94.7,96,88,0,0,0,0
2020-06-27,9,serengeti empress,124,4,69,4,107.6,104,91,0,0,0,0
2020-06-27,9,red dane (ity),120,6,41,2,89.1,99,86,0,0,0,0
2020-06-27,9,motion emotion,120,4,57,2,91.3,98,86,0,0,0,0
2020-06-27,10,fearless,120,4,27,2,96.3,101,97,0,0,0,0
2020-06-27,10,pirate's punch,120,4,55,4,104.4,99,95,0,0,0,0
2020-06-27,10,alkhaatam,120,5,19,3,99.8,105,91,0,0,0,0
2020-06-27,10,multiplier,120,6,6,2,111.6,111,104,0,0,0,0
2020-06-27,10,by my standards,122,4,55,5,108.6,102,98,0,0,0,0
2020-06-27,10,silver dust,120,6,34,6,98.9,112,104,0,0,0,0
2020-06-27,10,owendale,120,4,34,6,101.5,106,99,0,0,0,0
2020-06-27,11,dominga,118,3,34,3,89.6,91,89,0,0,0,0
2020-06-27,11,witez,118,3,26,1,90.7,84,81,0,0,0,0
2020-06-05,9,on d'oro,125,4,40,0,78.8,90,78,0,0,0,0
2020-06-05,9,can'tbetemall,118,3,281,0,90.3,90,66,0,0,0,0
2020-06-05,9,j z my man,118,3,33,0,56.4,91,61,0,0,0,0
2020-06-05,9,obiwan,118,3,18,0,75.6,85,67,0,0,0,0
2020-06-05,9,beaver hat,118,3,33,0,89.7,88,71,0,0,0,0
2020-06-21,7,out cold,123,4,202,1,70.0,81,75,0,0,0,0
2020-06-21,7,not now rand,123,4,63,1,46.9,77,51,0,0,0,0
2020-06-21,7,lanse mitan,118,3,16,1,74.1,77,64,0,0,0,0
2020-06-21,7,spin lightning,123,4,108,1,63.4,93,71,0,0,0,0
2020-06-21,7,true to dixie,123,5,16,1,71.6,82,69,0,0,0,0
2020-06-21,7,creekmore,118,3,21,1,62.3,85,69,0,0,0,0
2020-06-21,7,rustic rick,123,4,16,0,61.8,84,64,0,0,0,0
2020-06-21,7,critic,118,3,20,1,55.4,80,57,0,0,0,0
2020-06-21,7,to the front,118,3,22,1,69.4,74,66,0,0,0,0
2020-06-21,7,uncle momo,123,4,22,1,75.3,88,65,0,0,0,0
2020-06-21,8,pete's play call,121,7,27,10,96.8,104,95,0,0,0,1
2020-06-21,8,hollis,121,5,26,3,98.0,105,96,0,0,0,0
2020-06-21,8,malpais,121,4,26,3,89.9,98,82,0,0,0,0
2020-06-21,8,guest suite,121,6,62,0,96.6,109,98,0,0,0,0
2020-06-21,8,shashashakemeup,116,3,76,2,85.2,95,76,0,0,0,0
2020-06-21,8,rubus,121,5,213,2,81.6,101,90,0,0,0,0
2020-06-21,8,k j's nobility,121,6,22,8,89.5,100,93,0,0,0,1
2020-06-21,8,by your side,116,3,26,2,71.2,92,81,0,0,0,0
2020-06-21,9,complicit,122,6,29,2,97.8,98,91,0,0,0,0
2020-06-21,9,lounge act,122,5,107,2,88.8,98,87,0,0,0,0
2020-06-21,9,high regard,122,4,84,0,93.1,96,84,0,0,0,0
2020-06-21,9,molto bella,122,4,29,0,82.8,98,84,0,0,0,0
2020-06-21,9,tapit today,122,5,133,3,113.7,101,101,0,0,0,0
2020-06-21,9,shesomajestic,122,4,20,0,67.7,92,82,0,0,0,0
2020-06-21,9,joy epifora (arg),122,4,195,1,93.5,99,97,0,0,0,0
2020-06-21,9,harmless,122,4,30,1,97.6,99,93,0,0,0,0
2020-06-21,9,summering,122,4,29,3,102.8,97,91,0,0,0,0
2020-06-21,9,frond,122,4,175,0,89.2,92,79,0,0,0,0
2020-06-21,9,strike my fancy,122,5,29,2,93.6,96,90,0,0,0,0
2020-06-21,10,copper king,125,4,27,0,92.8,90,84,0,0,0,0
2020-06-21,10,wartime hero,118,3,28,0,81.3,90,79,0,0,0,0
2020-06-21,10,decision maker,118,3,91,0,83.8,92,72,0,0,0,0
2020-06-21,10,uncle kick,125,4,34,0,63.2,88,58,0,0,0,0
2020-06-21,10,backshot,118,3,27,0,87.0,90,81,0,0,0,0
2020-06-21,10,looking at liberty,125,4,28,0,88.5,81,88,0,0,0,0
2020-06-21,10,newscaster,118,3,210,0,41.8,85,42,0,0,0,0
2020-06-21,10,civil servant,118,3,203,0,92.2,92,81,0,0,0,0
2020-06-21,10,falkirk,118,3,38,0,55.5,87,73,0,0,0,0
2020-06-21,10,tartufo,118,3,126,0,79.1,85,76,0,0,0,0
2020-06-21,1,revenio,126,4,29,1,85.5,85,60,0,0,0,0
2020-06-21,1,the rock says,124,4,233,1,87.8,100,98,0,0,0,0
2020-06-21,1,stealth,124,6,42,0,62.6,97,79,0,0,0,0
2020-06-21,1,tikhvin flew,124,4,23,0,103.3,98,84,0,0,0,0
2020-06-21,1,strike appeal,118,3,154,1,81.8,85,76,0,0,0,0
2020-06-21,2,call papa,120,2,26,0,68.2,74,62,0,0,0,0
2020-06-21,3,above board,118,7,275,8,81.0,96,82,0,0,0,0
2020-06-21,3,high risk strategy,120,5,13,6,77.1,91,74,0,0,0,0
2020-06-21,3,summer revolution,120,7,30,1,89.5,101,93,0,0,0,0
2020-06-21,3,bear trappe,118,4,121,2,77.4,83,69,0,0,0,0
2020-06-21,3,here's carlos,118,5,20,0,77.5,95,80,0,0,0,0
2020-06-21,3,rocko's wheel,118,8,20,5,76.1,98,79,0,0,0,0
2020-06-21,3,kristi's copilot,118,8,77,2,79.2,100,82,0,0,0,0
2020-06-21,4,mongolian humor,118,5,65,2,89.6,99,92,0,0,0,0
2020-06-21,4,lexington grace (ire),118,5,49,0,74.2,97,86,0,0,0,0
2020-06-21,4,moonlight train,118,6,50,6,70.2,80,69,0,0,0,0
2020-06-21,4,sun dress,118,5,21,3,67.6,84,73,0,0,0,0
2020-06-21,4,pure sugar,118,5,29,2,75.5,84,77,0,0,0,0
2020-06-21,4,miz shelton,118,5,20,2,70.1,91,73,0,0,0,0
2020-06-21,4,lady cleopatra,120,6,21,9,71.9,84,66,0,0,0,0
2020-06-21,5,tetrahydro,118,3,273,0,51.9,75,40,0,0,0,0
2020-06-21,5,stylish ash,124,4,13,0,77.9,77,69,0,0,0,0
2020-06-21,5,mavalous mavalous,124,4,210,0,39.6,87,27,0,0,0,0
2020-06-21,5,prado amore,118,3,358,0,30.6,71,31,0,0,0,0
2020-06-21,5,actress on board,124,5,15,0,51.4,78,47,0,0,0,0
2020-06-21,5,more moet pleez,124,4,27,0,36.9,82,42,0,0,0,0
2020-06-21,5,money well spent,118,3,34,0,58.5,79,60,0,0,0,0
2020-06-21,6,auction fever,118,3,15,0,69.4,82,74,0,0,0,0
2020-06-21,6,battleofwinterfell,118,3,35,0,68.0,84,72,0,0,0,0
2020-06-21,6,edgee angel,118,3,34,0,76.2,80,66,0,0,0,0
2020-06-21,6,hey kitten,118,3,20,1,87.7,85,79,0,0,0,0
2020-06-21,6,secure connection,118,3,20,0,86.3,82,76,0,0,0,0
2020-06-21,6,new day dawning,118,3,20,0,77.6,87,70,0,0,0,0
2020-06-21,6,hashtag winner,118,3,15,0,92.5,84,70,0,0,0,0
2020-06-21,6,sneak peek,118,3,104,1,77.5,74,74,0,0,0,0
2020-06-21,6,stop shoppin tammy,118,3,91,0,70.0,86,75,0,0,0,0
2020-06-21,6,shelley's gem,118,3,20,0,74.5,84,64,0,0,0,0
2020-06-21,6,osaka girl,118,3,171,1,81.1,86,75,0,0,0,0
2020-06-21,6,how ironic,118,3,27,0,87.0,88,78,0,0,0,0
2020-06-21,6,a k's song,118,3,239,0,92.5,78,73,0,0,0,0
2020-06-21,6,urban fairytale,118,3,83,1,80.0,80,71,0,0,0,0
2020-06-21,6,evil lyn,120,3,26,2,85.8,80,70,0,0,0,0
2020-06-21,6,ivyetsu,118,3,49,0,83.1,92,68,0,0,0,0
2020-06-27,11,pass the plate,118,3,34,2,96.3,90,89,0,0,0,0
2020-06-27,11,hendy woods,118,3,103,2,92.8,88,92,0,0,0,0
2020-06-27,11,his glory,118,3,26,1,77.2,86,71,0,0,0,0
2020-06-27,11,stunning sky,118,3,55,1,89.5,89,85,0,0,0,0
2020-06-27,11,in good spirits,118,3,34,2,97.8,87,82,0,0,0,0
2020-06-27,11,crystal cliffs (fr),118,3,26,1,94.9,90,97,0,0,0,0
2020-06-27,11,micheline,118,3,55,3,89.3,88,78,0,0,0,0
2020-06-27,11,edgee angel,118,3,40,0,75.3,80,66,0,0,0,0
2020-06-27,11,wexx,118,3,33,1,90.9,87,82,0,0,0,0
2020-06-27,11,eve of war,118,3,34,1,95.6,91,89,0,0,0,0
2020-06-27,10,fearless,120,4,27,2,96.3,101,97,0,0,0,0
2020-06-27,10,pirate's punch,120,4,55,4,104.4,99,95,0,0,0,0
2020-06-27,10,alkhaatam,120,5,19,3,99.8,105,91,0,0,0,0
2020-06-27,10,multiplier,120,6,6,2,111.6,111,104,0,0,0,0
2020-06-27,10,by my standards,122,4,55,5,108.6,102,98,0,0,0,0
2020-06-27,10,silver dust,120,6,34,6,98.9,112,104,0,0,0,0
2020-06-27,10,owendale,120,4,34,6,101.5,106,99,0,0,0,0
2020-06-27,11,dominga,118,3,34,3,89.6,91,89,0,0,0,0
2020-06-27,11,witez,118,3,26,1,90.7,84,81,0,0,0,0
2020-06-27,11,pass the plate,118,3,34,2,96.3,90,89,0,0,0,0
2020-06-27,11,hendy woods,118,3,103,2,92.8,88,92,0,0,0,0
2020-06-27,11,his glory,118,3,26,1,77.2,86,71,0,0,0,0
2020-06-27,11,stunning sky,118,3,55,1,89.5,89,85,0,0,0,0
2020-06-27,11,in good spirits,118,3,34,2,97.8,87,82,0,0,0,0
2020-06-27,11,crystal cliffs (fr),118,3,26,1,94.9,90,97,0,0,0,0
2020-06-27,11,micheline,118,3,55,3,89.3,88,78,0,0,0,0
2020-06-27,11,edgee angel,118,3,40,0,75.3,80,66,0,0,0,0
2020-06-27,11,wexx,118,3,33,1,90.9,87,82,0,0,0,0
2020-06-27,11,eve of war,118,3,34,1,95.6,91,89,0,0,0,0
2020-05-31,2,crush it,118,5,78,2,84.5,94,86,0,0,0,0
2020-05-31,2,united stand,118,7,92,1,66.7,99,68,0,0,0,0
2020-05-31,2,all hansens ondeck,118,6,81,3,79.4,89,75,0,0,0,0
2020-05-31,2,ransack,118,7,141,0,86.8,96,74,0,0,0,0
2020-05-31,3,pete marwick,118,5,17,0,79.5,94,77,0,0,0,0
2020-05-31,3,yes i see,120,9,41,4,88.3,99,88,0,0,0,0
2020-05-31,3,alittlevodka,118,7,85,0,68.4,92,70,0,0,0,0
2020-05-31,3,star dog,118,8,98,7,62.5,86,69,0,0,0,0
2020-05-31,3,mr d's way,118,6,161,2,64.2,87,75,0,0,0,0
2020-05-31,3,fred's country boy,123,4,18,5,80.3,81,74,0,0,0,0
2020-05-31,3,new year's luck,118,4,51,1,60.9,85,71,0,0,0,0
2020-05-31,3,carmelo,118,6,35,3,76.4,91,81,0,0,0,0
2020-05-31,3,junket,118,6,78,3,72.5,92,79,0,0,0,0
2020-05-31,3,rocko's wheel,118,8,37,5,73.4,99,78,0,0,0,0
2020-05-31,3,lemon blitz,118,5,98,1,76.1,91,85,0,0,0,0
2020-05-31,4,new day dawning,118,3,36,0,68.7,86,69,0,0,0,0
2020-05-31,4,maggie's monarch,118,3,113,1,57.3,74,58,0,0,0,0
2020-05-31,4,dixie mo,118,3,115,0,60.0,76,59,0,0,0,0
2020-05-31,4,seahawk lisa,118,3,28,0,70.6,87,72,0,0,0,0
2020-05-31,4,swanage,118,3,77,1,76.3,85,74,0,0,0,0
2020-05-31,4,go stormin girl,118,3,86,0,59.4,76,54,0,0,0,0
2020-05-31,4,omnia,118,3,30,1,80.9,87,74,0,0,0,0
2020-05-31,4,ginseng,118,3,76,1,96.7,85,84,0,0,0,0
2020-05-31,4,hey kitten,118,3,62,1,88.0,84,79,0,0,0,0
2020-05-31,5,plea,118,3,84,0,51.7,82,60,0,0,0,0
2020-05-31,5,portofina,118,3,28,0,66.1,87,57,0,0,0,0
2020-05-31,5,curls and bows,118,3,77,0,63.5,86,57,0,0,0,0
2020-05-31,5,new hope road,125,4,58,0,88.3,89,81,0,0,0,0
2020-05-31,5,free,118,3,84,0,70.5,75,70,0,0,0,0
2020-05-31,5,glamour girl,118,3,76,0,82.3,84,73,0,0,0,0
2020-05-31,5,jeweled princess,118,3,48,0,84.2,87,75,0,0,0,0
2020-06-13,1,dauer,120,2,14,0,54.6,87,39,0,0,0,0
2020-06-13,1,el casadora,120,2,14,0,54.6,87,38,0,0,0,0
2020-06-13,1,mr. pickles,120,2,18,0,63.7,74,59,0,0,0,0
2020-06-13,2,cook memories,118,5,42,2,69.5,80,70,0,0,0,0
2020-06-13,2,catty krys,118,6,19,7,70.1,80,70,0,0,0,0
2020-06-13,2,urban kat,118,4,15,2,63.7,88,69,0,0,0,0
2020-06-13,2,silvertail,118,4,113,2,33.3,68,40,0,0,0,0
2020-06-13,2,grats road,118,5,15,3,64.8,83,69,0,0,0,0
2020-06-13,2,colorincolonel,118,6,13,7,53.8,83,69,0,0,0,0
2020-06-13,2,molly's game,118,5,19,2,69.4,81,66,0,0,0,0
2020-06-13,2,fun paddy,118,4,13,2,65.9,88,76,0,0,0,0
2020-06-13,3,gianna's gift,123,5,19,1,63.4,82,65,0,0,0,0
2020-06-13,3,she wants more,123,4,104,2,59.5,67,55,0,0,0,0
2020-06-13,3,all fact,123,4,19,2,66.3,78,64,0,0,0,0
2020-06-13,3,isabelle's joy,123,4,19,1,73.3,79,70,0,0,0,0
2020-06-13,3,french rose,118,3,8,2,76.7,84,70,0,0,0,0
2020-06-13,3,heaven escape,123,5,85,1,73.4,84,75,0,0,0,0
2020-06-13,4,skyhawk,124,5,342,0,57.5,83,71,0,0,0,0
2020-06-13,4,sail on ellen,118,3,116,0,86.2,81,78,0,0,0,0
2020-06-13,4,purrfectly claire,118,3,260,0,56.9,84,74,0,0,0,0
2020-06-13,4,lustica,118,3,27,0,48.0,85,57,0,0,0,0
2020-06-13,4,congratulated,118,3,62,0,95.1,90,78,0,0,0,0
2020-06-13,4,jim's bronze star,118,3,90,0,76.3,77,72,0,0,0,0
2020-06-13,4,flatoya,118,3,195,0,60.3,80,75,0,0,0,0
2020-06-13,4,media mendacity,118,3,92,0,61.6,85,48,0,0,0,0
2020-06-13,5,necker island,118,3,20,1,81.4,95,89,0,0,0,0
2020-06-13,5,john's rock,118,3,99,1,82.9,80,76,0,0,0,0
2020-06-13,5,shared sense,118,3,20,2,90.1,94,87,0,0,0,0
2020-06-13,5,finnick the fierce,118,3,41,1,104.0,92,85,0,0,0,0
2020-06-13,6,tut's revenge,123,4,21,2,86.2,99,86,0,0,0,0
2020-06-13,6,tiz mischief,123,5,13,0,86.6,106,82,0,0,0,0
2020-06-13,6,runnin' ray,125,4,21,0,77.7,89,83,0,0,0,0
2020-06-13,6,make noise,123,5,49,1,88.5,96,83,0,0,0,0
2020-06-13,6,twelfth labour,123,4,13,1,86.8,100,91,0,0,0,0
2020-06-13,6,chasin charlie,123,7,85,0,92.4,94,84,0,0,0,0
2020-06-13,6,pyron,123,4,21,2,77.2,101,92,0,0,0,0
2020-06-13,7,degrom,118,6,42,9,92.3,102,95,0,0,0,1
2020-06-13,7,full of run,120,5,13,4,90.8,97,86,0,0,0,0
2020-06-13,7,hardly a secret,118,6,21,9,89.5,100,84,0,0,0,1
2020-06-13,7,popular kid,118,6,41,9,97.4,104,93,0,0,0,1
2020-06-13,7,eskenforit,118,4,41,2,76.5,96,73,0,0,0,0
2020-06-13,7,december seven,118,7,196,4,78.0,105,90,0,0,0,0
2020-06-13,7,eisenstaedt,118,5,55,3,87.2,101,89,0,0,0,0
2020-06-13,7,rare form,118,5,14,2,99.2,108,92,0,0,0,0
2020-06-13,8,dixieincandyland,121,4,13,2,94.9,89,75,0,0,0,0
2020-06-13,8,even beat,121,5,13,2,95.6,94,86,0,0,0,0
2020-06-13,8,queen of shades,116,3,117,2,79.9,82,78,0,0,0,0
2020-06-13,8,she's all skeet,121,5,104,3,90.6,101,90,0,0,0,0
2020-06-13,8,lady worthington,121,4,105,1,89.2,90,80,0,0,0,0
2020-06-13,8,reenie d,121,4,22,2,95.6,90,85,0,0,0,0
2020-06-13,8,v j's bet,121,5,22,0,81.2,98,87,0,0,0,0
2020-06-13,8,hidden facts,121,4,13,2,97.2,97,88,0,0,0,0
2020-06-13,8,more,121,4,22,0,97.3,89,83,0,0,0,0
2020-06-13,8,bayerly seen,116,3,109,2,72.6,82,69,0,0,0,0
2020-06-13,8,royal priority,116,3,84,1,74.2,76,57,0,0,0,0
2020-06-13,8,holiday time,121,5,155,2,84.6,84,78,0,0,0,0
2020-06-13,9,major attraction,124,4,41,0,85.6,85,82,0,0,0,0
2020-06-13,9,fast cash,118,3,42,0,67.9,89,72,0,0,0,0
2020-06-13,9,the drake,118,3,281,0,65.2,83,64,0,0,0,0
2020-06-13,9,can imagine,118,3,27,0,79.6,78,69,0,0,0,0
2020-06-13,9,bucky,118,3,91,0,63.5,85,56,0,0,0,0
2020-06-13,9,my name is phred,118,3,20,0,77.4,87,74,0,0,0,0
2020-06-13,9,shanghai's dream,118,3,49,0,76.8,84,71,0,0,0,0
2020-06-13,9,company clown,118,3,92,0,79.0,86,74,0,0,0,0
2020-06-13,9,bubba caballo,118,3,20,0,79.5,87,78,0,0,0,0
2020-06-13,10,miss t too,118,3,27,0,89.5,87,79,0,0,0,0
2020-06-13,10,she can't sing,118,3,21,0,99.5,88,82,0,0,0,0
2020-06-13,10,shadilee,118,3,21,1,78.5,83,67,0,0,0,0
2020-06-13,10,compelling smile,118,3,26,2,81.0,82,73,0,0,0,0
2020-06-13,10,four grands,118,3,19,1,79.9,87,76,0,0,0,0
2020-06-13,10,brittle and yoo,120,3,13,1,81.8,82,79,0,0,0,0
2020-06-13,10,figure of speech,118,3,285,1,69.9,86,75,0,0,0,0
2020-06-13,10,banker's candy,118,3,47,1,64.6,83,59,0,0,0,0
2020-06-13,10,spitefulness,118,3,21,1,88.2,84,59,0,0,0,0
2020-06-13,10,scolding,122,3,41,1,93.1,87,90,0,0,0,0
2020-06-13,10,joysome,118,3,27,1,66.9,81,72,0,0,0,0
2020-06-13,10,recoded,118,3,21,1,85.8,85,70,0,0,0,0
2020-06-13,10,remanded,118,3,117,1,81.9,85,84,0,0,0,0
2020-06-13,11,perfect tapatino (fr),120,6,222,5,85.1,98,90,0,0,0,0
2020-06-13,11,fearsome (gb),120,6,180,2,108.7,104,102,0,0,0,0
2020-06-13,11,ry's the guy,120,4,50,1,110.4,101,97,0,0,0,0
2020-06-13,11,sky promise,120,5,41,1,99.7,107,98,0,0,0,0
2020-06-13,11,apreciado,120,6,139,4,112.9,99,95,0,0,0,0
2020-06-13,11,he's no lemon,120,4,265,3,85.6,96,92,0,0,0,0
2020-06-13,11,arklow,124,6,139,6,102.2,116,110,0,0,0,0
2020-06-13,11,tiz a slam,124,6,202,5,104.7,113,107,0,0,0,0
2020-06-13,11,lombo,120,5,41,0,78.5,108,95,0,0,0,0
2020-06-13,11,jais's solitude,120,4,22,2,101.4,100,91,0,0,0,0
2020-06-13,11,golden dragon,120,5,89,2,98.4,103,92,0,0,0,0
2020-06-13,8,dixieincandyland,121,4,13,2,94.9,89,75,0,0,0,0
2020-06-13,8,even beat,121,5,13,2,95.6,94,86,0,0,0,0
2020-06-13,8,queen of shades,116,3,117,2,79.9,82,78,0,0,0,0
2020-06-13,8,she's all skeet,121,5,104,3,90.6,101,90,0,0,0,0
2020-06-13,8,lady worthington,121,4,105,1,89.2,90,80,0,0,0,0
2020-06-13,8,reenie d,121,4,22,2,95.6,90,85,0,0,0,0
2020-06-13,8,v j's bet,121,5,22,0,81.2,98,87,0,0,0,0
2020-06-13,8,hidden facts,121,4,13,2,97.2,97,88,0,0,0,0
2020-06-13,8,more,121,4,22,0,97.3,89,83,0,0,0,0
2020-06-13,8,bayerly seen,116,3,109,2,72.6,82,69,0,0,0,0
2020-06-13,8,royal priority,116,3,84,1,74.2,76,57,0,0,0,0
2020-06-13,8,holiday time,121,5,155,2,84.6,84,78,0,0,0,0
2020-06-13,10,miss t too,118,3,27,0,89.5,87,79,0,0,0,0
2020-06-13,10,she can't sing,118,3,21,0,99.5,88,82,0,0,0,0
2020-06-13,10,shadilee,118,3,21,1,78.5,83,67,0,0,0,0
2020-06-13,10,compelling smile,118,3,26,2,81.0,82,73,0,0,0,0
2020-06-13,10,four grands,118,3,19,1,79.9,87,76,0,0,0,0
2020-06-13,10,brittle and yoo,120,3,13,1,81.8,82,79,0,0,0,0
2020-06-13,10,figure of speech,118,3,285,1,69.9,86,75,0,0,0,0
2020-06-13,10,banker's candy,118,3,47,1,64.6,83,59,0,0,0,0
2020-06-13,10,spitefulness,118,3,21,1,88.2,84,59,0,0,0,0
2020-06-13,10,scolding,122,3,41,1,93.1,87,90,0,0,0,0
2020-06-13,10,joysome,118,3,27,1,66.9,81,72,0,0,0,0
2020-06-13,10,recoded,118,3,21,1,85.8,85,70,0,0,0,0
2020-06-13,10,remanded,118,3,117,1,81.9,85,84,0,0,0,0
2020-06-13,11,perfect tapatino (fr),120,6,222,5,85.1,98,90,0,0,0,0
2020-06-13,11,fearsome (gb),120,6,180,2,108.7,104,102,0,0,0,0
2020-06-13,11,ry's the guy,120,4,50,1,110.4,101,97,0,0,0,0
2020-06-13,11,sky promise,120,5,41,1,99.7,107,98,0,0,0,0
2020-06-13,11,apreciado,120,6,139,4,112.9,99,95,0,0,0,0
2020-06-13,11,he's no lemon,120,4,265,3,85.6,96,92,0,0,0,0
2020-06-13,11,arklow,124,6,139,6,102.2,116,110,0,0,0,0
2020-06-13,11,tiz a slam,124,6,202,5,104.7,113,107,0,0,0,0
2020-06-13,11,lombo,120,5,41,0,78.5,108,95,0,0,0,0
2020-06-13,11,jais's solitude,120,4,22,2,101.4,100,91,0,0,0,0
2020-06-13,11,golden dragon,120,5,89,2,98.4,103,92,0,0,0,0
2020-06-18,1,love's tavito,120,2,20,0,45.6,83,29,0,0,0,0
2020-06-18,1,overdressed,120,2,18,0,75.0,81,70,0,0,0,0
2020-06-18,2,perfect beam,124,4,206,1,60.7,86,73,0,0,0,0
2020-06-18,2,shining through,124,4,68,1,76.3,100,89,0,0,0,0
2020-06-18,2,big beautiful wall,124,4,24,1,94.0,95,88,0,0,0,0
2020-06-18,2,one last strike,124,6,53,2,73.9,94,82,0,0,0,0
2020-06-18,2,candy store,124,4,31,0,81.7,91,85,0,0,0,0
2020-06-18,2,johny's bobby,124,4,12,0,61.7,89,77,0,0,0,0
2020-06-18,2,sun lover (gb),124,7,24,1,79.5,98,85,0,0,0,0
2020-06-18,2,frankincense,124,6,153,2,77.9,98,81,0,0,0,0
2020-06-18,2,war film,124,4,24,2,92.9,97,93,0,0,0,0
2020-06-18,2,light of the world,124,4,53,0,62.3,93,77,0,0,0,0
2020-06-18,2,believeinholidays,124,6,110,1,88.8,92,86,0,0,0,0
2020-06-18,2,jumper,124,4,169,2,71.5,92,80,0,0,0,0
2020-06-18,2,briar jumper,124,5,24,1,88.4,92,84,0,0,0,0
2020-06-18,3,union song,125,4,27,0,70.2,78,67,0,0,0,0
2020-06-18,3,ebony bay,118,3,74,0,44.1,79,51,0,0,0,0
2020-06-18,3,illusionista,118,3,69,0,56.5,70,47,0,0,0,0
2020-06-18,3,mesange,125,5,24,0,58.9,72,56,0,0,0,0
2020-06-18,3,a real gem,125,4,52,0,48.8,67,48,0,0,0,0
2020-06-18,3,joker lady,118,3,27,0,66.3,84,65,0,0,0,0
2020-06-18,4,wendy's fine wine,119,2,20,0,54.5,83,42,0,0,0,0
2020-06-18,4,mad maddy,119,2,27,0,84.2,83,81,0,0,0,0
2020-06-18,5,queenofcatniphill,118,3,31,1,60.6,82,58,0,0,0,0
2020-06-18,5,delachaise,124,4,20,1,60.5,79,72,0,0,0,0
2020-06-18,5,dixie moll,124,4,20,1,55.9,75,50,0,0,0,0
2020-06-18,5,fashion frame,118,3,98,1,66.8,76,58,0,0,0,0
2020-06-18,5,double oaked,124,6,20,0,65.9,78,63,0,0,0,0
2020-06-18,5,i saw her first,124,4,20,1,59.0,73,56,0,0,0,0
2020-06-18,6,flap jack,118,3,25,0,63.3,89,71,0,0,0,0
2020-06-18,6,bee catcher,118,3,82,1,73.9,87,79,0,0,0,0
2020-06-18,6,shackleford's joy,120,3,19,1,88.0,89,72,0,0,0,0
2020-06-18,6,strong tide,118,3,18,0,72.2,77,66,0,0,0,0
2020-06-18,6,mister not funny,118,3,89,0,60.9,79,65,0,0,0,0
2020-06-18,6,juggernaut,118,3,31,0,61.9,93,68,0,0,0,0
2020-06-18,6,letmeno,118,3,18,0,90.2,95,85,0,0,0,0
2020-06-18,6,social afleet,118,3,88,0,87.3,85,68,0,0,0,0
2020-06-18,6,acre,118,3,31,0,63.5,90,78,0,0,0,0
2020-06-18,6,lontano,118,3,95,0,93.2,88,86,0,0,0,0
2020-06-18,6,mr. quality,118,3,20,0,85.7,86,76,0,0,0,0
2020-06-18,7,jamming cameron,118,3,12,2,69.7,80,60,0,0,0,0
2020-06-18,7,our philly special,123,4,23,2,77.5,93,81,0,0,0,0
2020-06-18,7,botero,125,5,13,2,80.8,94,81,0,0,0,0
2020-06-18,7,self taught,118,3,19,2,71.3,88,70,0,0,0,0
2020-06-18,7,johnny cab,120,3,18,3,76.7,83,78,0,0,0,0
2020-06-18,7,creme de cerise,123,4,25,2,75.5,91,81,0,0,0,0
2020-06-18,7,mine my time,123,5,23,2,79.4,92,81,0,0,0,0
2020-06-18,7,his giant,123,4,27,2,86.5,90,82,0,0,0,0
2020-06-18,8,get the prize,123,4,25,1,89.2,94,94,0,0,0,0
2020-06-18,8,father g,123,4,169,1,79.1,88,89,0,0,0,0
2020-06-18,8,picasso,123,4,25,1,84.8,92,85,0,0,0,0
2020-06-18,8,wild popit,123,5,46,1,90.9,93,90,0,0,0,0
2020-06-18,8,don vito corleone,123,4,20,0,74.1,95,87,0,0,0,0
2020-06-18,8,hidden talent,123,4,110,0,68.2,97,79,0,0,0,0
2020-06-18,9,vanbrugh,122,5,271,0,72.6,101,94,0,0,0,0
2020-06-18,9,midnight tea time,122,5,123,2,103.2,106,98,0,0,0,0
2020-06-18,9,great wide open (ire),122,8,179,3,89.2,112,96,0,0,0,0
2020-06-18,9,golden dragon,122,5,4,2,100.8,104,95,0,0,0,0
2020-06-18,9,title ready,122,5,340,0,74.5,110,106,0,0,0,0
2020-06-18,9,dontblamerocket,122,6,88,7,107.3,108,100,0,0,0,0
2020-06-18,9,flying scotsman,122,4,95,3,101.2,108,91,0,0,0,0
2020-06-18,9,argentello (ire),122,5,113,3,80.2,109,88,0,0,0,0
2020-06-18,9,extrordinary jerry,122,5,25,1,85.7,105,99,0,0,0,0
2020-06-18,9,penalty,122,5,74,2,107.0,104,101,0,0,0,0
2020-06-18,9,cullum road,122,5,39,4,93.5,111,101,0,0,0,0
2020-06-18,9,sharp prospect,122,4,59,2,94.9,98,88,0,0,0,0
2020-05-30,7,sneaking out,120,4,34,4,96.7,97,93,0,0,0,0
2020-05-30,7,break even,120,4,41,6,120.0,98,97,0,0,0,0
2020-05-30,7,princess causeway,120,4,48,2,98.3,99,95,0,0,0,0
2020-05-30,7,unique factor,120,4,28,1,96.3,96,90,0,0,0,0
2020-05-30,7,take charge angel,120,4,92,3,94.7,97,80,0,0,0,0
2020-05-30,7,spiced perfection,122,5,125,8,91.3,106,99,0,0,0,1
2020-05-30,7,mia mischief,122,5,34,10,100.8,107,103,0,0,0,1
2020-05-30,7,lady suebee,120,5,34,2,85.6,103,91,0,0,0,0
2020-05-30,8,aztec empire,125,4,34,0,80.2,86,79,0,0,0,0
2020-05-30,8,tiz the journey,118,3,34,0,72.8,88,70,0,0,0,0
2020-05-30,8,mau mau,118,3,56,0,83.8,88,76,0,0,0,0
2020-05-30,8,dreams of yvonne,118,3,160,0,63.5,87,66,0,0,0,0
2020-05-30,8,bear alley,118,3,57,0,82.9,92,75,0,0,0,0
2020-05-30,8,oceanic,118,3,58,0,86.4,85,84,0,0,0,0
2020-05-30,8,ashiham,118,3,34,0,88.2,90,83,0,0,0,0
2020-05-30,8,mud pie,118,3,61,0,59.2,85,66,0,0,0,0
2020-05-30,8,militarist,118,3,117,0,80.5,97,75,0,0,0,0
2020-05-30,8,bakers bay,125,4,48,0,62.0,96,78,0,0,0,0
2020-05-30,8,mine that star,118,3,77,0,55.6,83,69,0,0,0,0
2020-05-30,8,barbaroni,118,3,98,0,81.3,86,71,0,0,0,0
2020-05-30,8,tonaltalitarian,118,3,27,0,80.4,94,78,0,0,0,0
2020-05-30,8,all about will,125,4,34,0,66.5,91,73,0,0,0,0
2020-05-30,9,queen of shades,116,3,103,2,79.9,82,78,0,0,0,0
2020-05-30,9,originator,121,5,21,2,81.6,98,85,0,0,0,0
2020-05-30,9,fame feather,121,5,71,5,84.4,99,86,0,0,0,0
2020-05-30,9,dance rhythms,121,5,90,4,90.9,94,86,0,0,0,0
2020-05-30,9,tia flor,121,7,71,0,61.6,92,63,0,0,0,0
2020-05-30,9,i'llhandalthecash,121,4,83,2,78.4,95,88,0,0,0,0
2020-05-30,9,bingwa,121,4,92,1,69.4,96,88,0,0,0,0
2020-05-30,9,unaquoi,121,6,174,7,95.0,98,88,0,0,0,0
2020-05-30,9,cardamon,121,4,55,0,80.4,89,87,0,0,0,0
2020-05-30,9,baroness vontrappe,121,5,209,1,76.0,94,84,0,0,0,0
2020-05-30,9,dixieincandyland,123,4,57,2,87.3,88,72,0,0,0,0
2020-05-30,9,even beat,121,5,162,2,79.4,93,85,0,0,0,0
2020-05-30,9,hidden facts,121,4,21,2,101.7,96,87,0,0,0,0
2020-05-30,9,she's all skeet,121,5,90,3,90.6,101,90,0,0,0,0
2020-05-30,9,holiday time,121,5,141,2,84.6,84,78,0,0,0,0
2020-05-30,9,vomba,121,4,90,0,88.3,91,86,0,0,0,0
2020-05-30,10,kaziranga,122,4,187,3,81.6,98,91,0,0,0,0
2020-05-30,10,seek the peak,122,4,134,2,96.0,95,87,0,0,0,0
2020-05-30,10,twelfth labour,122,4,64,1,88.8,99,93,0,0,0,0
2020-05-30,10,plus que parfait,122,4,62,2,93.4,105,95,0,0,0,0
2020-05-30,10,tiz mischief,122,5,392,2,72.3,107,86,0,0,0,0
2020-05-30,10,thirstforlife,122,6,40,6,81.9,111,89,0,0,0,0
2020-05-30,10,top seed,122,4,37,0,73.6,96,86,0,0,0,0
2020-05-30,10,full of run,122,5,36,4,92.5,96,88,0,0,0,0
2020-05-30,10,gun it,122,4,69,2,94.9,101,91,0,0,0,0
2020-05-30,10,lone rock,122,5,27,5,93.3,107,93,0,0,0,0
2020-05-30,11,juliet foxtrot (gb),120,5,180,3,117.8,108,107,0,0,0,0
2020-05-30,11,beau recall (ire),120,6,244,6,93.2,112,108,0,0,0,0
2020-05-30,11,winning envelope,120,4,69,3,97.4,99,95,0,0,0,0
2020-05-30,11,she'sonthewarpath,122,4,69,4,105.7,96,95,0,0,0,0
2020-05-30,11,la signare (fr),122,5,62,3,107.1,104,102,0,0,0,0
2020-05-30,11,nay lady nay (ire),120,4,182,3,93.7,92,89,0,0,0,0
2020-05-30,11,altea (fr),120,5,69,1,102.5,102,99,0,0,0,0
2020-05-30,11,varenka,120,4,230,3,72.2,95,88,0,0,0,0
2020-05-30,11,hanalei moon,120,5,83,3,94.5,106,99,0,0,0,0
2020-05-30,11,zofelle (ire),120,4,62,3,99.4,99,95,0,0,0,0
2020-05-30,11,coco channel,120,6,120,0,87.3,101,89,0,0,0,0
2020-05-30,11,elizabeth way (ire),122,4,62,2,94.7,99,93,0,0,0,0
2020-05-30,11,mitchell road,120,5,104,5,110.6,106,101,0,0,0,0
2020-05-30,1,extra effort,118,3,27,0,68.1,87,62,0,0,0,0
2020-05-30,1,hands up,124,4,76,0,66.9,83,70,0,0,0,0
2020-05-30,1,trapped n my mind,124,4,33,0,72.3,83,72,0,0,0,0
2020-05-30,1,dancewiththedevil,118,3,40,0,52.7,91,40,0,0,0,0
2020-05-30,1,saintsation,118,3,40,0,67.4,84,64,0,0,0,0
2020-05-30,1,our secret agent,118,3,83,0,83.5,84,74,0,0,0,0
2020-05-30,2,colorincolonel,118,6,72,7,60.4,82,70,0,0,0,0
2020-05-30,2,sun dress,118,5,110,3,71.8,84,71,0,0,0,0
2020-05-30,2,operatic,118,6,35,1,71.3,87,76,0,0,0,0
2020-05-30,2,fun paddy,118,4,26,2,70.0,90,77,0,0,0,0
2020-05-30,2,seeds of time,118,5,43,4,83.0,89,81,0,0,0,0
2020-05-30,2,absolute love,118,5,53,3,69.8,81,63,0,0,0,0
2020-05-30,2,mongolian humor,118,5,43,2,86.6,99,92,0,0,0,0
2020-05-30,3,mille fleurs,118,3,34,0,54.6,81,55,0,0,0,0
2020-05-30,3,tourist like me,118,3,51,0,61.6,80,58,0,0,0,0
2020-05-30,3,messina,118,3,48,0,75.0,81,75,0,0,0,0
2020-05-30,3,heavenly peace,118,3,51,0,75.7,84,75,0,0,0,0
2020-05-30,3,pau hana,118,3,26,0,82.0,87,79,0,0,0,0
2020-05-30,3,exceblades,118,3,241,0,51.1,65,53,0,0,0,0
2020-05-30,3,malibu marlee,118,3,29,0,63.4,86,69,0,0,0,0
2020-05-30,3,daddymademedoit,125,4,141,0,82.8,85,72,0,0,0,0
2020-05-30,3,fashion mo,118,3,26,0,75.9,87,72,0,0,0,0
2020-05-30,3,flying the colors,125,4,63,0,78.8,80,80,0,0,0,0
2020-05-30,3,queen medb (ire),125,4,279,0,70.9,87,79,0,0,0,0
2020-05-30,3,sharethegoodtimes,118,3,61,0,77.3,83,69,0,0,0,0
2020-05-30,3,talking book,118,3,40,0,79.2,84,81,0,0,0,0
2020-05-30,3,lipstikliesnlovers,118,3,30,0,77.6,86,75,0,0,0,0
2020-05-30,4,its my bag baby,118,3,50,1,77.1,82,75,0,0,0,0
2020-05-30,4,arch ability,120,3,13,1,75.2,83,68,0,0,0,0
2020-05-30,4,creekmore,118,3,68,1,70.5,85,70,0,0,0,0
2020-05-30,4,improbable story,118,3,106,3,60.4,65,55,0,0,0,0
2020-05-30,4,hidden promise,120,3,36,1,69.1,85,61,0,0,0,0
2020-05-30,5,magic mo,118,3,244,0,50.1,71,54,0,0,0,0
2020-05-30,5,dontneedaname,124,4,99,0,73.1,81,67,0,0,0,0
2020-05-30,5,time heist,118,3,50,0,71.8,86,68,0,0,0,0
2020-05-30,5,digital star,118,3,43,0,82.1,85,76,0,0,0,0
2020-05-30,5,jerry's got aces,124,4,40,0,62.1,80,68,0,0,0,0
2020-05-30,5,mr. class,124,4,299,0,51.5,82,52,0,0,0,0
2020-05-30,5,suspect,124,4,280,0,62.6,87,62,0,0,0,0
2020-05-30,5,forbetterorworse,124,4,411,0,68.7,91,81,0,0,0,0
2020-05-30,5,queen's mason,124,4,33,0,68.2,91,76,0,0,0,0
2020-05-30,6,prefect,118,3,40,1,98.6,87,69,0,0,0,0
2020-05-30,6,dack janiel's,118,3,40,0,82.3,90,74,0,0,0,0
2020-05-30,6,letmeno,118,3,40,0,105.6,95,86,0,0,0,0
2020-05-30,6,jurgen,118,3,70,1,90.7,98,90,0,0,0,0
2020-05-30,6,strong tide,118,3,48,0,57.6,75,63,0,0,0,0
2020-06-12,1,better angels,118,3,112,0,42.0,62,45,0,0,0,0
2020-06-12,1,champagne affair,118,3,18,0,67.8,78,66,0,0,0,0
2020-06-12,1,excelerita,118,3,98,0,51.9,72,42,0,0,0,0
2020-06-12,1,her giant,124,4,167,0,56.1,74,54,0,0,0,0
2020-06-12,2,little alex,119,2,20,0,81.8,87,77,0,0,0,0
2020-06-12,2,tiz a bit lucky,116,2,14,0,70.5,83,60,0,0,0,0
2020-06-12,2,baytown bear,119,2,6,0,67.9,88,52,0,0,0,0
2020-06-12,2,candy mover,119,2,20,0,65.9,87,58,0,0,0,0
2020-06-12,3,bulletin,121,4,13,3,86.1,107,92,0,0,0,0
2020-06-12,3,copper town,121,6,474,0,74.3,111,93,0,0,0,0
2020-06-12,3,tell your daddy,121,4,85,0,84.9,96,89,0,0,0,0
2020-06-12,3,elusive mischief,121,5,96,2,93.8,105,92,0,0,0,0
2020-06-12,3,smart remark,121,5,75,0,97.8,112,99,0,0,0,0
2020-06-12,3,fielder,121,6,96,2,98.8,107,98,0,0,0,0
2020-06-12,3,just might,121,4,117,2,108.7,97,93,0,0,0,0
2020-06-12,3,maniacal,121,7,76,3,93.6,101,90,0,0,0,0
2020-06-12,3,little kansas,121,5,196,0,64.4,91,84,0,0,0,0
2020-06-12,3,madison's luna,121,5,210,0,72.7,104,87,0,0,0,0
2020-06-12,4,martial eagle,124,4,20,1,79.2,89,76,0,0,0,0
2020-06-12,4,trashtalkinyankee,124,4,62,0,78.1,86,79,0,0,0,0
2020-06-12,4,galindo,124,4,20,1,80.3,94,83,0,0,0,0
2020-06-12,4,oro de tejano,124,4,20,1,83.4,88,84,0,0,0,0
2020-06-12,4,just like richie,124,5,14,1,68.0,91,62,0,0,0,0
2020-06-12,4,daddy's on strike,124,5,20,1,73.4,84,67,0,0,0,0
2020-06-12,5,brush dog,118,3,55,0,48.9,86,50,0,0,0,0
2020-06-12,5,instigated,118,3,38,0,81.0,81,70,0,0,0,0
2020-06-12,5,bear oak,118,3,25,0,71.6,84,72,0,0,0,0
2020-06-12,5,draw the line,118,3,14,0,70.9,90,70,0,0,0,0
2020-06-12,5,mr. unusual,118,3,14,0,83.8,79,64,0,0,0,0
2020-06-12,5,jacks fire balls,125,4,14,0,69.3,85,75,0,0,0,0
2020-06-12,5,ekati's verve,125,4,14,0,67.0,88,75,0,0,0,0
2020-06-12,5,yashima,118,3,19,0,62.5,86,65,0,0,0,0
2020-06-12,5,seven and seven,118,3,20,0,67.4,90,52,0,0,0,0
2020-06-12,5,pow wow prince,118,3,19,0,60.2,86,54,0,0,0,0
2020-06-12,5,el franco,118,3,104,0,63.3,80,50,0,0,0,0
2020-06-12,5,swing west,118,3,27,0,57.6,81,55,0,0,0,0
2020-06-12,5,liberty's pursuit,125,4,25,0,57.1,89,68,0,0,0,0
2020-06-12,5,vasariano,118,3,11,0,73.9,95,74,0,0,0,0
2020-06-12,6,limonite,122,4,17,0,92.9,102,91,0,0,0,0
2020-06-12,6,dunph,122,4,40,0,84.2,99,89,0,0,0,0
2020-06-12,6,uncapped,122,4,145,0,85.5,99,92,0,0,0,0
2020-06-12,6,ballagh rocks,122,7,75,6,108.2,110,107,0,0,0,0
2020-06-12,6,mick's star,122,4,19,0,103.3,105,95,0,0,0,0
2020-06-12,6,celerity,122,5,89,3,71.2,93,79,0,0,0,0
2020-06-12,6,forloveofcountry,122,4,306,1,63.7,99,68,0,0,0,0
2020-06-12,6,carom,122,5,111,2,106.7,101,97,0,0,0,0
2020-06-12,6,krewe chief,122,7,102,1,95.5,106,96,0,0,0,0
2020-06-12,7,living vicariously,118,3,70,0,69.5,83,66,0,0,0,0
2020-06-12,7,the great dansky,118,3,42,2,89.0,91,85,0,0,0,0
2020-06-12,7,hidden ruler,123,4,19,2,95.6,95,90,0,0,0,0
2020-06-12,7,sacred oath,125,4,26,2,85.9,91,87,0,0,0,0
2020-06-12,7,majestic west,123,4,168,0,83.4,88,84,0,0,0,0
2020-06-12,7,he's a babe,118,3,19,1,83.2,87,73,0,0,0,0
2020-06-12,8,fort knox,118,3,68,1,81.2,89,62,0,0,0,0
2020-06-12,8,dack janiel's,118,3,7,2,78.2,91,72,0,0,0,0
2020-06-12,8,violent pass,122,3,47,1,95.1,89,82,0,0,0,0
2020-06-12,8,dean martini,118,3,25,1,89.9,93,84,0,0,0,0
2020-06-12,8,mr. quality,118,3,14,1,88.0,86,76,0,0,0,0
2020-06-12,8,skyscanner,118,3,11,0,72.3,85,74,0,0,0,0
2020-06-12,8,giocare,118,3,61,1,87.5,93,90,0,0,0,0
2020-06-12,8,extraordinary,118,3,26,1,91.8,92,88,0,0,0,0
2020-06-12,8,hunt the front,122,3,40,1,88.3,91,83,0,0,0,0
2020-06-12,8,earner,118,3,61,1,80.6,94,87,0,0,0,0
2020-06-12,8,kadesh,118,3,89,2,91.2,91,82,0,0,0,0
2020-06-12,8,oxide,122,3,26,1,94.9,93,81,0,0,0,0
2020-06-12,8,sharecropper,118,3,82,1,75.8,90,78,0,0,0,0
2020-06-12,8,wrecking crew,118,3,25,0,89.0,99,82,0,0,0,0
2020-05-30,6,buy me candy,118,3,85,1,90.1,84,82,0,0,0,0
2020-05-30,6,noble order,118,3,84,1,71.4,81,67,0,0,0,0
2020-05-30,6,czechmight,118,3,104,0,67.8,87,78,0,0,0,0
2020-05-30,6,kid mercury,118,3,40,1,76.6,87,76,0,0,0,0
2020-05-30,6,tiesto,118,3,90,1,89.6,93,89,0,0,0,0
2020-05-30,6,tabled,118,3,30,2,90.3,86,73,0,0,0,0
2020-05-30,6,angelus warrior,118,3,168,1,81.8,81,72,0,0,0,0
2020-05-30,6,moon over miami,118,3,62,0,110.5,94,84,0,0,0,0
2020-05-30,6,sharecropper,118,3,69,0,62.2,90,78,0,0,0,0
2020-05-30,6,pleasecallmeback,118,3,40,0,85.3,92,88,0,0,0,0
2020-05-30,6,strike appeal,118,3,132,0,80.2,85,76,0,0,0,0
2020-05-30,6,man in the can,118,3,28,0,74.1,87,86,0,0,0,0
2020-05-30,6,violent pass,118,3,34,0,72.1,89,82,0,0,0,0
2020-05-30,6,adhhar,118,3,55,0,65.3,82,79,0,0,0,0
2020-06-19,1,here's carlos,118,5,18,4,81.5,95,80,0,0,0,0
2020-06-19,1,park ridge benny,118,5,13,3,83.2,93,73,0,0,0,0
2020-06-19,1,dark arden,120,6,18,7,78.7,91,81,0,0,0,0
2020-06-19,1,strong yen,120,6,18,3,82.6,93,81,0,0,0,0
2020-06-19,1,homeview,118,4,20,4,74.2,85,68,0,0,0,0
2020-06-19,1,barry lee,118,5,28,3,82.1,96,72,0,0,0,0
2020-06-19,1,most mischief,118,4,20,2,70.9,91,67,0,0,0,0
2020-06-19,1,all hansens ondeck,118,6,18,3,78.5,90,74,0,0,0,0
2020-06-19,2,wild about you,111,10,47,9,77.8,93,81,0,0,0,0
2020-06-19,2,star dog,118,8,18,7,66.6,87,68,0,0,0,0
2020-06-19,2,new year's luck,118,4,18,1,62.1,85,69,0,0,0,0
2020-06-19,2,off sixes,118,4,129,3,76.8,82,69,0,0,0,0
2020-06-19,2,kristo,118,9,11,4,80.6,92,80,0,0,0,0
2020-06-19,2,county court,118,6,26,2,75.6,97,77,0,0,0,0
2020-06-19,2,carmelo,118,6,18,3,79.1,91,81,0,0,0,0
2020-06-19,2,senor friday,118,4,28,3,72.8,91,69,0,0,0,0
2020-06-19,3,petit verdot,119,2,27,0,73.1,87,66,0,0,0,0
2020-06-19,4,mt. brave,121,4,61,0,111.4,96,91,0,0,0,0
2020-06-19,4,shanghai tariff,121,5,61,0,79.4,102,94,0,0,0,0
2020-06-19,4,divine queen,121,5,152,0,77.6,102,90,0,0,0,0
2020-06-19,4,risky mandate,121,4,292,0,75.0,92,95,0,0,0,0
2020-06-19,4,winning envelope,121,4,19,0,85.1,101,95,0,0,0,0
2020-06-19,4,midnight fantasy,121,4,21,0,107.3,102,94,0,0,0,0
2020-06-19,4,on probation,121,6,114,3,75.4,100,84,0,0,0,0
2020-06-19,4,miss gossip (ire),121,7,21,4,103.7,108,99,0,0,0,0
2020-06-19,4,morticia,121,6,21,10,106.3,108,103,0,0,0,1
2020-06-19,4,jo jo air,121,4,21,3,88.9,99,94,0,0,0,0
2020-06-19,4,lady t n t,121,4,271,0,70.1,98,92,0,0,0,0
2020-06-19,5,stripping,118,3,24,0,77.1,78,70,0,0,0,0
2020-06-19,5,cold hearted wench,118,3,272,0,54.3,71,59,0,0,0,0
2020-06-19,5,carefree highway,118,3,95,0,86.7,85,54,0,0,0,0
2020-06-19,5,freshman class,125,4,14,0,72.1,82,70,0,0,0,0
2020-06-19,5,indawin,118,3,32,0,72.3,83,67,0,0,0,0
2020-06-19,5,complete surprise,118,3,25,0,70.7,81,68,0,0,0,0
2020-06-19,5,candy bizzness,118,3,14,0,69.2,83,42,0,0,0,0
2020-06-19,6,morocco,122,6,24,3,103.4,104,95,0,0,0,0
2020-06-19,6,super dude,122,6,20,0,90.3,103,93,0,0,0,0
2020-06-19,6,perfect speighty,122,4,378,2,69.6,92,86,0,0,0,0
2020-06-19,6,markitoff,122,6,24,2,86.6,112,102,0,0,0,0
2020-06-19,6,king cause,122,5,24,1,95.4,99,92,0,0,0,0
2020-06-19,6,treasure trove,122,4,47,0,93.5,92,88,0,0,0,0
2020-06-19,6,zumurudee,122,6,114,2,97.8,108,101,0,0,0,0
2020-06-19,6,botswana,122,5,89,2,94.4,105,94,0,0,0,0
2020-06-19,6,easy shot,122,4,125,0,92.8,100,93,0,0,0,0
2020-06-19,6,split the wickets,122,4,214,3,76.8,92,84,0,0,0,0
2020-06-19,6,voting control,122,5,413,2,77.0,100,99,0,0,0,0
2020-06-19,6,ya gotta wanna,122,6,264,3,109.4,112,104,0,0,0,0
2020-06-19,6,bundibunan,122,4,89,2,96.0,98,96,0,0,0,0
2020-06-19,7,between the hedges,123,4,32,1,63.8,82,60,0,0,0,0
2020-06-19,7,just fly,118,3,27,1,90.9,85,59,0,0,0,0
2020-06-19,7,heart river,118,3,14,1,72.4,73,66,0,0,0,0
2020-06-19,7,carondelet,123,4,21,1,67.6,71,57,0,0,0,0
2020-06-19,7,one step,118,3,81,1,73.9,78,73,0,0,0,0
2020-06-12,9,fortuity,118,3,26,0,91.5,96,87,0,0,0,0
2020-06-12,9,food and wine,118,3,36,0,71.3,84,69,0,0,0,0
2020-06-12,9,final breeze,118,3,218,0,78.6,84,78,0,0,0,0
2020-06-12,9,midnight jostar,118,3,89,0,78.9,92,77,0,0,0,0
2020-06-12,9,distorted moon,118,3,54,0,83.5,89,64,0,0,0,0
2020-06-12,9,copper king,125,4,18,0,91.6,90,84,0,0,0,0
2020-06-12,9,full authority,118,3,19,0,86.5,87,68,0,0,0,0
2020-06-12,9,britannia kitten,118,3,246,0,62.8,90,76,0,0,0,0
2020-06-12,9,lastchanceatglory,118,3,117,0,79.5,91,78,0,0,0,0
2020-06-12,9,tolkien,118,3,112,0,82.4,89,74,0,0,0,0
2020-06-12,9,rochambeau,125,4,76,0,103.5,95,92,0,0,0,0
2020-06-19,7,fed policy,118,3,175,0,52.3,75,61,0,0,0,0
2020-06-19,7,shilah baby,123,4,11,1,72.8,89,76,0,0,0,0
2020-06-19,7,mama don't preach,123,4,32,1,51.3,78,45,0,0,0,0
2020-06-19,7,classy justice,123,4,28,1,63.8,75,61,0,0,0,0
2020-06-19,8,ocean breeze,120,3,24,1,94.8,85,79,0,0,0,0
2020-06-19,8,ellens birthday,123,8,175,0,58.7,92,63,0,0,0,0
2020-06-19,8,letters to belle,123,4,32,0,88.0,86,52,0,0,0,0
2020-06-19,8,crown jewel,125,4,53,1,97.1,85,81,0,0,0,0
2020-06-19,8,four grands,118,3,25,1,79.9,87,76,0,0,0,0
2020-06-19,8,golden curl,123,4,91,1,84.5,88,82,0,0,0,0
2020-06-19,9,balon rose,124,4,173,1,80.7,88,86,0,0,0,0
2020-06-19,9,julia's ready,124,4,25,1,89.7,93,83,0,0,0,0
2020-06-19,9,loving moment,124,5,25,0,83.7,87,78,0,0,0,0
2020-06-19,9,miss mosaic,124,4,25,0,81.2,91,78,0,0,0,0
2020-06-19,9,crystal lake,124,4,25,1,78.0,89,75,0,0,0,0
2020-06-19,9,singita dreams,124,4,13,0,86.4,79,72,0,0,0,0
2020-06-19,9,unchained (ire),124,5,169,1,85.9,90,88,0,0,0,0
2020-06-19,9,mission from elle,124,4,32,1,71.4,90,79,0,0,0,0
2020-06-19,9,devious charm,124,4,32,0,87.7,93,85,0,0,0,0
2020-06-19,9,confessing,124,4,126,1,89.6,87,82,0,0,0,0
2020-06-19,9,smooth with a kick,124,4,169,0,94.0,90,86,0,0,0,0
2020-06-19,9,lido key,124,4,42,1,96.7,83,80,0,0,0,0
2020-06-19,9,awesome one,124,4,96,1,78.0,87,78,0,0,0,0
2020-06-19,9,data damsel,124,5,202,2,70.4,84,72,0,0,0,0
2020-05-28,1,fever temple,124,4,204,1,63.2,82,71,0,0,0,0
2020-05-28,1,comedian,124,4,39,1,89.9,96,85,0,0,0,0
2020-05-28,1,cigar box,118,3,53,0,65.4,87,61,0,0,0,0
2020-05-28,1,soul beam,124,5,122,1,83.4,100,94,0,0,0,0
2020-05-28,1,and seek,124,4,111,1,90.4,98,88,0,0,0,0
2020-05-28,1,just like richie,124,5,89,1,61.4,91,64,0,0,0,0
2020-05-28,1,samaronti,124,4,75,1,111.4,93,83,0,0,0,0
2020-05-28,3,i saw her first,124,4,76,1,54.7,72,53,0,0,0,0
2020-05-28,3,dixie moll,124,4,69,1,54.8,75,49,0,0,0,0
2020-05-28,3,divine dharma,124,4,68,1,66.8,82,68,0,0,0,0
2020-05-28,3,quiet dawn,120,3,28,1,64.6,70,59,0,0,0,0
2020-05-28,3,china cat,124,4,31,1,59.2,76,63,0,0,0,0
2020-05-28,3,pepper them girl,124,4,68,1,54.8,74,45,0,0,0,0
2020-05-28,3,double oaked,124,6,172,0,55.3,80,64,0,0,0,0
2020-05-28,4,private boone,125,5,104,0,50.1,75,54,0,0,0,0
2020-05-28,4,happy go lucky,118,5,132,0,48.0,72,40,0,0,0,0
2020-05-28,4,smart arch,125,4,75,0,77.2,83,61,0,0,0,0
2020-05-28,4,pharaoh's kitten,118,3,88,0,75.0,82,66,0,0,0,0
2020-05-28,4,herbies toys,125,4,270,0,61.0,94,76,0,0,0,0
2020-05-28,4,gambit,125,5,47,0,67.3,76,69,0,0,0,0
2020-05-28,4,fast recovery,125,5,39,0,68.0,72,62,0,0,0,0
2020-05-28,4,be an inspiration,125,5,40,0,61.0,74,54,0,0,0,0
2020-05-28,4,river stones,118,3,55,0,62.7,93,55,0,0,0,0
2020-05-28,4,mr. unusual,118,3,40,0,61.2,80,63,0,0,0,0
2020-05-28,4,unimaginable u,125,4,31,0,64.9,85,63,0,0,0,0
2020-05-28,4,clifton park,118,3,48,0,71.2,88,61,0,0,0,0
2020-05-28,4,a king's ransom,118,4,94,0,67.0,75,60,0,0,0,0
2020-05-28,4,litany,125,4,23,0,65.7,86,66,0,0,0,0
2020-05-28,5,heavens whisper,118,5,39,5,95.1,95,89,0,0,0,0
2020-05-28,5,lucky be a lady,118,4,206,2,59.5,73,59,0,0,0,0
2020-05-28,5,my dark secret,118,5,69,3,65.7,82,69,0,0,0,0
2020-05-28,5,grats road,118,5,52,3,61.9,82,68,0,0,0,0
2020-05-28,5,big blue magic,118,5,311,4,59.6,86,73,0,0,0,0
2020-05-28,5,yes i'm evil,118,5,77,7,77.3,78,72,0,0,0,0
2020-05-28,5,kimberley dream,118,4,166,3,62.4,83,70,0,0,0,0
2020-05-28,5,weightlessness,118,4,88,1,68.1,69,62,0,0,0,0
2020-05-28,5,flash n' dance,118,5,74,2,80.6,84,65,0,0,0,0
2020-05-28,5,urban kat,118,4,33,2,69.0,85,68,0,0,0,0
2020-05-28,5,peace love bread,118,4,223,2,65.0,80,72,0,0,0,0
2020-05-28,5,she's no drama,111,5,80,0,61.9,86,70,0,0,0,0
2020-05-28,5,colorincolonel,118,6,70,7,60.4,82,70,0,0,0,0
2020-05-28,5,no interest,118,7,67,5,73.6,87,80,0,0,0,0
2020-05-28,5,fun paddy,118,4,24,2,70.0,90,77,0,0,0,0
2020-05-28,6,vettori kin (brz),118,7,59,2,93.1,107,97,0,0,0,0
2020-05-28,6,ezmosh,118,5,40,2,89.6,105,89,0,0,0,0
2020-05-28,6,logical myth,118,4,81,3,106.4,92,86,0,0,0,0
2020-05-28,6,clear for action,118,5,11,4,96.0,96,86,0,0,0,0
2020-05-28,6,exulting,118,7,46,0,98.8,110,98,0,0,0,0
2020-05-28,6,moon over montana,118,6,74,1,81.5,103,95,0,0,0,0
2020-05-28,6,memory bank,118,6,148,2,84.4,104,91,0,0,0,0
2020-05-28,6,eisenstaedt,118,5,39,0,73.7,101,89,0,0,0,0
2020-05-28,6,firewater jake,118,4,77,3,76.7,93,87,0,0,0,0
2020-05-28,6,honovi,118,7,73,3,97.5,106,94,0,0,0,0
2020-05-28,6,patriot drive,118,6,73,4,100.1,104,97,0,0,0,0
2020-05-28,6,discovered,118,5,69,2,88.5,99,84,0,0,0,0
2020-05-28,6,he will,118,8,41,4,77.5,104,83,0,0,0,0
2020-05-28,7,carondelet,123,4,73,1,60.8,68,56,0,0,0,0
2020-05-28,7,jo marie,123,4,54,0,75.6,87,75,0,0,0,0
2020-05-28,7,punish,123,4,39,1,70.1,77,63,0,0,0,0
2020-05-28,7,delachaise,123,4,434,0,59.2,78,74,0,0,0,0
2020-05-28,7,marcie's candy,123,5,95,1,59.9,75,60,0,0,0,0
2020-05-28,7,i'mthekatsmeow,123,4,32,1,74.3,69,64,0,0,0,0
2020-05-28,7,princess phone,123,4,6,0,62.6,81,72,0,0,0,0
2020-05-28,7,rare action attack,123,4,250,0,75.0,69,60,0,0,0,0
2020-05-28,7,catlike,123,5,215,1,47.4,59,48,0,0,0,0
2020-05-28,8,portos,118,3,67,1,83.0,93,85,0,0,0,0
2020-05-28,8,don vito corleone,126,4,25,1,87.2,94,87,0,0,0,0
2020-05-28,8,all west,124,4,46,1,83.6,91,83,0,0,0,0
2020-05-28,8,mr. quality,118,3,28,1,92.1,84,73,0,0,0,0
2020-05-28,8,dukes up,124,7,25,9,86.9,100,93,0,0,0,1
2020-05-28,8,locally owned,124,4,39,0,86.0,95,87,0,0,0,0
2020-05-28,8,hombrazo,118,3,38,2,98.4,80,73,0,0,0,0
2020-05-28,8,tikhvin flew,124,4,39,0,75.9,98,83,0,0,0,0
2020-05-28,8,unshaken,124,4,90,0,99.5,94,92,0,0,0,0
2020-05-28,8,silver ratio,118,3,61,0,86.6,93,90,0,0,0,0
2020-05-28,9,play on,121,4,92,4,106.4,98,91,0,0,0,0
2020-05-28,9,break even,121,4,39,1,119.9,98,97,0,0,0,0
2020-05-28,9,morticia,121,6,229,10,90.1,107,102,0,0,0,1
2020-05-28,9,go on mary,121,6,396,2,84.2,108,97,0,0,0,0
2020-05-28,9,jo jo air,121,4,95,3,97.8,97,91,0,0,0,0
2020-05-28,9,midnight fantasy,121,4,32,0,100.3,99,91,0,0,0,0
2020-05-28,9,miss gossip (ire),121,7,229,4,85.3,105,94,0,0,0,0
2020-05-28,9,girls know best,121,6,81,6,99.5,108,102,0,0,0,0
2020-05-28,9,unbridled class,121,5,92,2,94.5,98,91,0,0,0,0
2020-05-28,9,spring in the wind,121,6,39,0,69.6,105,90,0,0,0,0
2020-05-28,9,mt. brave,121,4,39,0,111.4,96,91,0,0,0,0
2020-05-28,9,mae never no (ire),121,4,179,0,65.8,91,75,0,0,0,0
2020-05-28,9,tia flor,121,7,69,0,61.6,92,63,0,0,0,0
2020-05-28,9,take charge angel,121,4,90,0,88.0,97,80,0,0,0,0
2020-05-28,10,smart call,118,3,40,0,63.7,89,57,0,0,0,0
2020-05-28,10,higher authority,125,4,111,0,72.8,91,76,0,0,0,0
2020-05-28,10,deanos cape,118,3,34,0,76.9,88,72,0,0,0,0
2020-05-28,10,draw the line,118,3,80,0,72.3,92,69,0,0,0,0
2020-05-28,10,ekati's verve,125,4,90,0,70.0,89,76,0,0,0,0
2020-05-28,10,boss life,125,4,45,0,67.6,86,76,0,0,0,0
2020-05-28,10,jacks fire balls,125,4,54,0,71.0,86,76,0,0,0,0
2020-05-28,10,peerless brown,118,3,74,0,65.9,87,62,0,0,0,0
2020-05-28,10,kickin' kirby,118,3,26,0,70.1,91,70,0,0,0,0
2020-05-28,10,port hunter,118,3,40,0,62.5,96,63,0,0,0,0
2020-05-28,10,percher,118,3,27,0,77.3,84,63,0,0,0,0
2020-05-28,10,second line david,118,3,25,0,77.8,89,75,0,0,0,0
2020-05-28,10,first citizen,118,3,40,0,72.8,86,69,0,0,0,0
2020-05-28,10,smirk,118,3,10,0,77.5,89,78,0,0,0,0
2020-05-28,10,el franco,118,3,89,0,63.5,80,50,0,0,0,0
2020-06-04,1,french rose,118,3,18,2,74.0,84,70,0,0,0,0
2020-06-04,1,foreign exchange,120,3,32,2,76.4,83,66,0,0,0,0
2020-06-04,1,trafficiskillingme,118,3,92,0,70.2,72,66,0,0,0,0
2020-06-04,1,skyvalue,120,3,46,1,85.9,73,77,0,0,0,0
2020-06-04,2,urbanite,118,3,41,1,78.8,90,74,0,0,0,0
2020-06-04,2,urban light (ire),124,4,25,0,77.8,99,85,0,0,0,0
2020-06-04,2,delp,118,3,46,0,76.5,85,76,0,0,0,0
2020-06-04,2,heza handful,124,4,91,1,71.0,86,58,0,0,0,0
2020-06-04,2,majors vindication,124,4,46,0,75.6,90,74,0,0,0,0
2020-06-04,2,holy muchacho,118,3,12,1,74.8,90,71,0,0,0,0
2020-06-04,2,tiz mcnamara,124,5,34,1,81.9,93,82,0,0,0,0
2020-06-04,3,wicked valentine,118,3,76,0,48.0,70,52,0,0,0,0
2020-06-04,3,countless fun,118,3,53,0,74.2,81,57,0,0,0,0
2020-06-04,3,carefree highway,118,3,80,0,86.7,85,54,0,0,0,0
2020-06-04,3,candy bizzness,118,3,83,0,38.3,85,18,0,0,0,0
2020-06-04,3,shesonspeeddial,118,3,81,0,56.4,77,52,0,0,0,0
2020-06-04,3,easy tiger,118,3,55,0,56.8,81,52,0,0,0,0
2020-06-04,3,freshman class,125,4,35,0,75.1,82,69,0,0,0,0
2020-06-04,5,kowboy karma,118,5,76,4,83.6,106,90,0,0,0,0
2020-06-04,5,stay home,118,6,13,9,89.1,96,83,0,0,0,1
2020-06-04,5,el asesino,118,5,55,3,81.7,99,85,0,0,0,0
2020-06-04,5,spikes shirl,118,7,13,3,72.1,101,79,0,0,0,0
2020-06-04,5,sharp art,118,8,13,8,78.2,103,78,0,0,0,0
2020-06-04,5,saturday tryst,118,7,17,4,78.6,96,76,0,0,0,0
2020-06-04,5,lady's weekend,118,4,104,3,77.8,88,72,0,0,0,0
2020-06-04,6,super terrific,123,6,54,1,68.4,86,72,0,0,0,0
2020-06-04,6,channel crossing,123,5,88,0,71.6,94,81,0,0,0,0
2020-06-04,6,chapel barn,118,3,55,0,65.0,76,63,0,0,0,0
2020-06-04,6,rustic rick,123,4,257,0,57.3,85,65,0,0,0,0
2020-06-04,6,hitthegroundrunnin,123,5,80,1,63.7,77,57,0,0,0,0
2020-06-04,6,piantagrane,123,5,66,0,60.0,81,71,0,0,0,0
2020-06-04,6,sammys dream,123,4,41,0,61.3,90,51,0,0,0,0
2020-06-04,6,true to dixie,123,5,123,1,72.2,83,69,0,0,0,0
2020-06-04,6,lanse mitan,118,3,39,1,68.9,77,62,0,0,0,0
2020-06-04,6,tom's last general,123,4,18,0,61.8,89,75,0,0,0,0
2020-06-04,6,jimmy at last,123,4,18,1,74.9,86,75,0,0,0,0
2020-06-04,6,out cold,123,4,185,1,70.0,81,75,0,0,0,0
2020-06-04,7,scabbard,118,3,53,0,67.6,97,87,0,0,0,0
2020-06-04,7,botswana taps,124,4,146,1,95.1,86,91,0,0,0,0
2020-06-04,7,nepal up,124,4,104,1,77.0,92,74,0,0,0,0
2020-06-04,7,moon over miami,118,3,67,0,110.0,94,84,0,0,0,0
2020-06-04,7,dack janiel's,118,3,45,0,84.3,90,74,0,0,0,0
2020-06-04,7,lake nakuru,124,4,173,1,78.6,95,85,0,0,0,0
2020-06-04,7,labeq,124,5,236,1,78.9,92,75,0,0,0,0
2020-06-04,7,mantra,124,4,18,2,95.6,96,91,0,0,0,0
2020-06-04,7,sea of hope,124,4,18,1,72.0,95,80,0,0,0,0
2020-06-04,7,discovered,124,5,76,2,88.5,99,84,0,0,0,0
2020-06-04,7,onarock,124,4,67,2,110.8,89,83,0,0,0,0
2020-06-04,7,bantu,124,5,263,3,81.0,100,93,0,0,0,0
2020-06-04,7,el ahijado,124,4,103,0,81.5,96,73,0,0,0,0
2020-06-04,7,adhhar,118,3,60,0,70.1,82,79,0,0,0,0
2020-06-04,8,abounding joy,121,5,135,3,87.3,98,83,0,0,0,0
2020-06-04,8,unique factor,121,4,4,1,95.3,98,91,0,0,0,0
2020-06-04,8,peruvian appeal,121,4,95,4,95.2,94,89,0,0,0,0
2020-06-04,8,sunny dale,121,4,39,3,97.5,92,87,0,0,0,0
2020-06-04,8,headland,121,4,46,6,95.7,95,94,0,0,0,0
2020-06-04,8,please flatter me,121,4,305,4,80.4,95,87,0,0,0,0
2020-06-04,8,lady suebee,121,5,39,2,85.6,103,91,0,0,0,0
2020-06-04,8,bohemian bourbon,121,4,88,1,73.4,99,88,0,0,0,0
2020-06-04,9,captain billy roy,118,3,42,0,50.0,84,43,0,0,0,0
2020-06-04,9,shaw,118,3,74,0,65.6,84,68,0,0,0,0
2020-06-04,9,dyess,118,3,68,0,70.2,83,63,0,0,0,0
2020-06-04,9,dreamonmebaby,118,3,47,0,73.1,93,73,0,0,0,0
2020-06-04,9,greenback,118,3,82,0,63.6,83,69,0,0,0,0
2020-06-04,9,first citizen,118,3,47,0,74.2,86,69,0,0,0,0
2020-06-04,9,buy it,118,3,74,0,48.4,82,39,0,0,0,0
2020-06-04,9,benelux,118,3,95,0,54.5,89,57,0,0,0,0
2020-06-04,9,noble companion,124,4,109,0,45.6,81,56,0,0,0,0
2020-06-04,9,baudette blizzard,118,3,18,0,81.6,74,67,0,0,0,0
2020-06-04,9,ugo,118,3,18,0,65.3,86,61,0,0,0,0
2020-06-04,9,bourbon wisdom,118,3,17,0,85.3,92,73,0,0,0,0
2020-06-06,9,news flash,123,4,20,0,51.6,89,60,0,0,0,0
2020-06-06,9,my man flintstone,118,3,19,0,74.7,94,80,0,0,0,0
2020-06-06,9,ikeisgreat,118,3,76,0,83.9,90,83,0,0,0,0
2020-06-06,9,ace destroyer,123,4,78,0,77.2,94,85,0,0,0,0
2020-06-06,9,johnny unleashed,118,3,195,0,69.3,89,77,0,0,0,0
2020-06-06,9,royal commission,118,3,20,0,71.3,92,76,0,0,0,0
2020-06-06,9,williston way,118,3,83,0,68.3,81,75,0,0,0,0
2020-06-06,9,tohui,123,4,314,1,83.8,88,89,0,0,0,0
2020-06-06,9,alfie solomons,118,3,243,1,73.2,87,75,0,0,0,0
2020-06-06,9,more than a. p.,123,4,106,0,64.8,91,66,0,0,0,0
2020-06-06,9,cardiac kitten,123,5,341,0,69.6,88,82,0,0,0,0
2020-06-06,9,shared legacy,123,4,26,1,79.5,91,79,0,0,0,0
2020-06-06,9,american mandate,123,4,36,0,99.5,97,92,0,0,0,0
2020-06-06,10,clivetty,119,3,75,1,94.6,91,80,0,0,0,0
2020-06-06,10,bayerness,119,3,97,1,74.5,88,80,0,0,0,0
2020-06-06,10,ain't no elmers,119,3,34,2,86.8,88,83,0,0,0,0
2020-06-06,10,magic dance,119,3,69,2,77.0,89,84,0,0,0,0
2020-06-06,10,lady glamour,119,3,11,2,96.0,92,74,0,0,0,0
2020-06-06,10,naughty thoughts,121,3,83,3,86.4,82,79,0,0,0,0
2020-06-06,10,edgeway,119,3,40,2,104.7,97,101,0,0,0,0
2020-06-06,1,take charge erica,118,4,62,3,83.6,81,61,0,0,0,0
2020-06-06,1,lady by choice,118,5,125,8,87.8,91,87,0,0,0,1
2020-06-06,1,holly go lightly,118,5,97,0,82.0,94,87,0,0,0,0
2020-06-06,1,sweet n wicked,118,9,140,3,79.6,91,72,0,0,0,0
2020-06-06,1,liz's cable girl,118,6,48,12,78.1,98,86,0,0,0,1
2020-06-06,2,bossy moment,120,2,8,0,61.4,83,48,0,0,0,0
2020-06-06,3,vexatious,122,6,36,2,83.1,106,96,0,0,0,0
2020-06-06,3,english affair,122,6,14,3,84.5,106,87,0,0,0,0
2020-06-06,3,juliana (per),122,5,90,1,81.5,102,94,0,0,0,0
2020-06-06,3,over thinking,122,5,69,1,83.1,104,89,0,0,0,0
2020-06-06,3,romantic pursuit,122,4,97,2,106.4,95,87,0,0,0,0
2020-06-06,3,joy nidera (arg),122,5,76,1,91.8,102,91,0,0,0,0
2020-06-06,3,another broad,122,5,13,0,90.4,103,94,0,0,0,0
2020-06-06,4,whiskey chaser,118,3,14,0,69.9,87,56,0,0,0,0
2020-06-06,4,brother aaron,124,4,14,0,52.6,86,60,0,0,0,0
2020-06-06,4,count your pennies,118,3,90,0,42.3,84,28,0,0,0,0
2020-06-06,4,skatingonthinice,118,3,91,0,47.3,70,46,0,0,0,0
2020-06-06,4,litany,124,4,32,0,68.7,86,66,0,0,0,0
2020-06-06,4,egobuster,124,4,83,0,49.9,83,45,0,0,0,0
2020-06-06,4,breakaway prince,118,3,132,0,39.0,75,30,0,0,0,0
2020-06-06,4,flug,118,3,40,0,50.2,84,48,0,0,0,0
2020-06-06,4,fantastry (brz),124,4,14,0,97.4,90,63,0,0,0,0
2020-06-06,4,celtic mischief,118,3,126,0,57.6,79,56,0,0,0,0
2020-06-06,4,mr. class,124,4,6,0,46.5,81,48,0,0,0,0
2020-06-06,5,magic man's touch,118,3,189,0,62.1,85,66,0,0,0,0
2020-06-06,5,two dot,118,3,118,0,49.6,88,58,0,0,0,0
2020-06-06,5,noble companion,124,4,111,0,45.3,81,56,0,0,0,0
2020-06-06,5,ingenico,118,3,97,0,34.3,77,23,0,0,0,0
2020-06-06,5,ugo,118,3,20,0,65.6,86,61,0,0,0,0
2020-06-06,5,baudette blizzard,118,3,20,0,81.6,74,67,0,0,0,0
2020-06-06,6,conquest lemonraid,118,6,11,0,88.0,102,92,0,0,0,0
2020-06-06,6,professional,120,4,41,1,81.4,87,80,0,0,0,0
2020-06-06,6,laddie boy,118,9,13,9,84.7,96,83,0,0,0,0
2020-06-06,6,house limit,118,5,110,3,87.8,98,88,0,0,0,0
2020-06-06,6,kearny county,118,5,13,1,88.3,99,84,0,0,0,0
2020-06-06,6,red again,118,6,36,8,84.5,94,82,0,0,0,1
2020-06-06,6,on patrol,118,5,36,2,80.3,97,77,0,0,0,0
2020-06-06,6,one mean man,118,7,86,1,73.4,98,79,0,0,0,0
2020-06-06,6,altito,118,6,13,8,75.0,99,85,0,0,0,0
2020-06-06,6,mark my way,118,9,20,8,70.2,93,80,0,0,0,0
2020-06-06,6,candy carlos,118,6,41,8,83.5,98,88,0,0,0,1
2020-06-06,7,kapiolani,118,3,117,0,63.2,82,72,0,0,0,0
2020-06-06,7,majestic blend,118,3,20,0,83.7,87,71,0,0,0,0
2020-06-06,7,extra effort,118,3,34,0,68.2,87,62,0,0,0,0
2020-06-06,7,america's surprise,118,3,299,0,76.3,88,83,0,0,0,0
2020-06-06,7,skinny dip,118,3,20,0,80.2,84,78,0,0,0,0
2020-06-06,7,it's mine,118,3,47,0,72.5,91,68,0,0,0,0
2020-06-06,8,manny wah,120,4,48,2,101.9,104,90,0,0,0,0
2020-06-06,8,honest mischief,120,4,188,3,89.0,100,99,0,0,0,0
2020-06-06,8,heartwood,120,6,226,7,85.7,111,99,0,0,0,0
2020-06-06,8,bobby's wicked one,122,5,48,6,96.4,110,93,0,0,0,0
2020-06-06,8,seven nation army,120,5,71,5,98.0,100,98,0,0,0,0
2020-06-06,9,news flash,123,4,20,0,51.6,89,60,0,0,0,0
2020-06-06,9,my man flintstone,118,3,19,0,74.7,94,80,0,0,0,0
2020-06-06,9,ikeisgreat,118,3,76,0,83.9,90,83,0,0,0,0
2020-06-06,9,ace destroyer,123,4,78,0,77.2,94,85,0,0,0,0
2020-06-06,9,johnny unleashed,118,3,195,0,69.3,89,77,0,0,0,0
2020-06-06,9,royal commission,118,3,20,0,71.3,92,76,0,0,0,0
2020-06-06,9,williston way,118,3,83,0,68.3,81,75,0,0,0,0
2020-06-06,9,tohui,123,4,314,1,83.8,88,89,0,0,0,0
2020-06-06,9,alfie solomons,118,3,243,1,73.2,87,75,0,0,0,0
2020-06-06,9,more than a. p.,123,4,106,0,64.8,91,66,0,0,0,0
2020-06-06,9,cardiac kitten,123,5,341,0,69.6,88,82,0,0,0,0
2020-06-06,9,shared legacy,123,4,26,1,79.5,91,79,0,0,0,0
2020-06-06,9,american mandate,123,4,36,0,99.5,97,92,0,0,0,0
2020-06-06,10,clivetty,119,3,75,1,94.6,91,80,0,0,0,0
2020-06-06,10,bayerness,119,3,97,1,74.5,88,80,0,0,0,0
2020-06-06,10,ain't no elmers,119,3,34,2,86.8,88,83,0,0,0,0
2020-06-06,10,magic dance,119,3,69,2,77.0,89,84,0,0,0,0
2020-06-06,10,lady glamour,119,3,11,2,96.0,92,74,0,0,0,0
2020-06-06,10,naughty thoughts,121,3,83,3,86.4,82,79,0,0,0,0
2020-06-06,10,edgeway,119,3,40,2,104.7,97,101,0,0,0,0
2020-06-06,11,urbana,118,3,90,0,81.8,88,82,0,0,0,0
2020-06-06,11,sport'n forty,125,4,33,0,63.3,87,71,0,0,0,0
2020-06-06,11,stand tall,118,3,156,0,78.7,85,66,0,0,0,0
2020-06-06,11,sharethegoodtimes,118,3,68,0,77.1,83,69,0,0,0,0
2020-06-06,11,fate factor,118,3,76,0,62.9,81,69,0,0,0,0
2020-06-06,11,golden loch,125,4,101,0,78.1,80,73,0,0,0,0
2020-06-06,11,speightful charge,118,3,260,0,44.4,84,47,0,0,0,0
2020-06-06,11,elke do jaguarete (brz),125,4,212,0,71.1,88,71,0,0,0,0
2020-06-06,11,lipstikliesnlovers,118,3,37,0,74.7,86,75,0,0,0,0
2020-06-06,11,willyoubemine,118,3,69,0,72.6,80,69,0,0,0,0
2020-06-06,11,she's a deal,118,3,15,0,58.2,82,58,0,0,0,0
2020-05-25,3,malpais,118,4,44,3,75.6,97,81,0,0,0,0
2020-05-25,3,do share,118,7,37,9,98.1,110,98,0,0,0,1
2020-05-25,3,petrov,118,6,24,5,91.9,106,90,0,0,0,0
2020-05-25,3,colonel klink,118,4,37,5,94.3,93,77,0,0,0,0
2020-05-25,3,bye bye birdstone,118,5,273,1,80.9,98,89,0,0,0,0
2020-05-25,3,hollis,118,5,115,3,108.8,105,99,0,0,0,0
2020-05-25,3,nero,118,5,29,2,94.1,109,101,0,0,0,0
2020-05-25,4,direct approach,124,4,44,0,80.4,83,71,0,0,0,0
2020-05-25,4,new year's luck,124,4,45,1,64.8,85,71,0,0,0,0
2020-05-25,4,metropol,124,4,36,0,71.8,93,79,0,0,0,0
2020-05-25,4,waverunner,126,4,20,1,74.3,78,65,0,0,0,0
2020-05-25,4,my interest,124,4,223,0,61.5,76,69,0,0,0,0
2020-05-25,4,glorious weekend,124,4,51,1,61.3,82,58,0,0,0,0
2020-05-25,4,smart and broke,124,6,71,1,81.2,81,64,0,0,0,0
2020-05-25,4,she love me,124,4,45,0,74.8,84,69,0,0,0,0
2020-05-25,4,wings up,124,4,30,1,63.2,82,62,0,0,0,0
2020-05-25,4,tidal effect,124,5,66,1,72.2,87,74,0,0,0,0
2020-05-25,4,eskendereyas dream,124,4,45,1,84.5,80,68,0,0,0,0
2020-05-25,4,run this town,124,4,80,1,70.7,72,63,0,0,0,0
2020-05-25,4,he's the souperwon,124,4,8,0,71.9,81,68,0,0,0,0
2020-05-25,5,conquest lemonraid,118,6,86,0,89.0,102,93,0,0,0,0
2020-05-25,5,kurilov (chi),118,7,36,5,87.2,100,91,0,0,0,0
2020-05-25,5,gigging,120,4,23,4,83.5,94,84,0,0,0,0
2020-05-25,5,colonelsdarktemper,118,6,23,1,90.5,106,93,0,0,0,0
2020-05-25,5,street to indy,120,7,29,4,95.3,101,87,0,0,0,0
2020-05-25,5,shortlist,118,6,29,2,89.8,95,88,0,0,0,0
2020-05-25,5,exemplar,118,8,23,5,86.6,99,86,0,0,0,0
2020-05-25,5,chief oakie dokie,118,5,145,3,82.7,101,87,0,0,0,0
2020-05-25,6,coldwater,124,5,36,1,88.9,94,87,0,0,0,0
2020-05-25,6,be with us,118,3,64,0,75.5,71,60,0,0,0,0
2020-05-25,6,resurrection road,124,4,31,0,67.1,80,64,0,0,0,0
2020-05-25,6,drinkatthecreek,124,4,31,0,63.0,79,66,0,0,0,0
2020-05-25,6,spinning top,124,5,165,1,75.2,95,72,0,0,0,0
2020-05-25,6,cirrusly,124,4,66,1,79.2,84,71,0,0,0,0
2020-05-25,6,tuxedo lemon,124,4,99,0,59.7,77,67,0,0,0,0
2020-05-25,6,twelve monarchs,124,4,65,0,66.8,80,68,0,0,0,0
2020-05-25,6,stylish kitten,118,3,64,0,60.4,71,73,0,0,0,0
2020-05-25,7,quality too spare,117,4,44,0,61.9,79,63,0,0,0,0
2020-05-25,7,union maiden,118,3,98,0,79.7,85,78,0,0,0,0
2020-05-25,7,magic motion,118,3,298,0,52.1,80,55,0,0,0,0
2020-05-25,7,market rumor,118,3,28,0,83.9,85,69,0,0,0,0
2020-05-25,7,wild love,118,3,266,0,48.1,71,56,0,0,0,0
2020-05-25,7,claudette nonstop,118,3,78,0,76.4,73,57,0,0,0,0
2020-05-25,7,curls and bows,118,3,71,0,56.7,86,57,0,0,0,0
2020-05-25,8,by your side,118,3,232,2,75.6,89,82,0,0,0,0
2020-05-25,8,relentless dancer,118,3,29,2,82.6,94,89,0,0,0,0
2020-05-25,8,hop kat,120,3,28,2,104.3,91,97,0,0,0,0
2020-05-25,8,digital,118,3,43,1,91.8,94,90,0,0,0,0
2020-05-25,8,johnny ritt,118,3,106,2,85.3,87,74,0,0,0,0
2020-05-25,8,little menace,118,3,29,2,100.1,95,96,0,0,0,0
2020-05-25,8,meru,118,3,203,2,84.8,84,87,0,0,0,0
2020-05-25,9,hierarchy,122,5,100,2,93.2,102,95,0,0,0,0
2020-05-25,9,kulik bear,122,4,72,1,121.9,94,94,0,0,0,0
2020-05-25,9,king cause,122,5,79,1,92.6,98,92,0,0,0,0
2020-05-25,9,lost in limbo,122,4,21,0,63.9,92,85,0,0,0,0
2020-05-25,9,limonite,122,4,43,0,94.8,101,91,0,0,0,0
2020-05-25,9,federal law,122,4,330,0,61.8,94,82,0,0,0,0
2020-05-25,9,morocco,122,6,31,3,108.5,104,94,0,0,0,0
2020-05-25,9,evil eye,122,4,73,1,87.8,90,78,0,0,0,0
2020-05-25,9,award winner,122,4,31,1,117.8,98,95,0,0,0,0
2020-05-25,9,markitoff,122,6,84,2,83.3,113,103,0,0,0,0
2020-05-25,9,my bariley,122,6,67,5,97.0,106,95,0,0,0,0
2020-05-25,9,set piece (gb),122,4,186,0,89.2,102,98,0,0,0,0
2020-05-25,9,bundibunan,122,4,64,2,95.1,98,96,0,0,0,0
2020-05-25,9,tribhuvan (fr),122,4,57,2,95.4,97,94,0,0,0,0
2020-05-25,9,opry,122,4,31,2,104.9,102,98,0,0,0,0
2020-05-25,9,tiz mischief,122,5,387,0,64.8,107,86,0,0,0,0
2020-05-25,9,lone rock,122,5,22,0,77.8,107,93,0,0,0,0
2020-05-25,9,kaziranga,122,4,182,1,91.4,98,91,0,0,0,0
2020-05-25,9,seek the peak,122,4,129,0,91.2,95,87,0,0,0,0
2020-05-25,10,beemie award,123,4,38,2,76.2,90,75,0,0,0,0
2020-05-25,10,bump bailey,123,4,31,2,91.4,95,83,0,0,0,0
2020-05-25,10,johnny cab,118,3,73,2,76.1,81,76,0,0,0,0
2020-05-25,10,impunity,123,4,72,2,85.1,89,81,0,0,0,0
2020-05-25,10,our philly special,123,4,220,2,70.2,91,81,0,0,0,0
2020-05-25,10,giant honor,123,5,93,1,86.8,99,87,0,0,0,0
2020-05-25,10,cadron flats,123,4,37,2,65.3,87,64,0,0,0,0
2020-05-25,10,aggressivity,123,5,24,2,91.6,89,85,0,0,0,0
2020-05-25,10,mine my time,123,5,70,2,84.6,91,82,0,0,0,0
2020-05-25,10,swither's shortcut,123,5,50,2,82.8,90,80,0,0,0,0
2020-05-25,2,turtle trax,118,3,78,2,82.5,89,79,0,0,0,0
2020-05-25,2,lady glamour,118,3,23,2,80.6,91,72,0,0,0,0
2020-05-25,2,rising seas,118,3,8,2,78.1,87,76,0,0,0,0
2020-05-25,2,anna's fast,118,3,100,2,87.8,91,84,0,0,0,0
2020-05-25,2,project whiskey,118,3,169,2,65.9,81,67,0,0,0,0
2020-05-25,2,specially,118,3,99,2,94.7,88,87,0,0,0,0
2020-05-29,1,ebben,118,5,48,1,83.6,97,82,0,0,0,0
2020-05-29,1,curlin rules,120,7,40,4,92.4,103,88,0,0,0,0
2020-05-29,1,lusitano,118,5,74,2,92.3,98,89,0,0,0,0
2020-05-29,1,super dude,118,6,40,6,93.5,104,93,0,0,0,0
2020-05-29,1,fort peck,118,5,89,4,89.7,102,83,0,0,0,0
2020-05-29,1,heavy roller,118,6,89,7,101.2,105,95,0,0,0,0
2020-05-29,3,old timer's day,118,4,77,3,71.2,83,71,0,0,0,0
2020-05-29,3,red blue and true,118,7,90,3,61.8,84,59,0,0,0,0
2020-05-29,3,proven warrior,118,10,69,18,73.2,88,76,0,0,0,1
2020-05-29,3,flight time (brz),118,6,85,3,78.1,99,72,0,0,0,0
2020-05-29,3,fridaynitestar,118,6,139,8,71.6,91,78,0,0,0,0
2020-05-29,3,can't say no,118,5,72,7,72.7,91,76,0,0,0,0
2020-05-29,3,lil mateo,118,5,111,0,61.4,88,77,0,0,0,0
2020-05-29,3,guska mon shoes,118,10,28,11,80.8,97,87,0,0,0,1
2020-05-29,3,most mischief,118,4,28,2,68.5,92,68,0,0,0,0
2020-05-29,3,my prophet,118,8,83,7,79.3,88,70,0,0,0,0
2020-05-29,3,bud ro,118,8,63,9,56.2,89,70,0,0,0,0
2020-05-29,3,champsachamp,111,5,95,4,78.4,87,77,0,0,0,0
2020-05-29,3,ceeky,118,6,39,4,69.4,97,78,0,0,0,0
2020-05-29,3,carter cat,118,4,83,1,86.9,93,67,0,0,0,0
2020-05-29,3,rain drop kid,118,5,81,1,66.1,77,61,0,0,0,0
2020-05-29,4,zing zang,124,5,84,1,68.7,91,77,0,0,0,0
2020-05-29,4,victory element,124,5,28,0,82.7,93,80,0,0,0,0
2020-05-29,4,dooley,124,6,83,2,76.6,88,75,0,0,0,0
2020-05-29,4,fighting for grace,117,5,82,2,59.5,83,58,0,0,0,0
2020-05-29,4,its yes,124,4,44,2,70.4,84,64,0,0,0,0
2020-05-29,4,warrior's dream,124,6,84,1,74.0,75,71,0,0,0,0
2020-05-29,4,healing,118,3,41,1,72.7,79,70,0,0,0,0
2020-05-29,4,roaring fork,124,5,35,2,85.6,96,80,0,0,0,0
2020-05-29,4,coworker,124,4,27,2,86.3,87,74,0,0,0,0
2020-05-29,4,darren's fortune,124,4,41,1,82.0,81,73,0,0,0,0
2020-05-29,4,lemon blitz,124,5,96,1,76.9,91,85,0,0,0,0
2020-05-29,4,tom management,124,4,90,1,81.7,90,78,0,0,0,0
2020-05-29,4,twinkling knight,124,6,12,0,53.6,78,60,0,0,0,0
2020-05-29,4,witch doctor,124,5,11,1,78.9,84,76,0,0,0,0
2020-05-29,4,tobacco road,124,4,11,0,79.0,100,74,0,0,0,0
2020-05-29,5,sugoi,118,3,44,0,76.6,87,85,0,0,0,0
2020-05-29,5,self taught,118,3,123,0,62.6,87,69,0,0,0,0
2020-05-29,5,automate,118,3,56,0,80.6,86,74,0,0,0,0
2020-05-29,5,mishko,118,3,89,1,87.4,92,79,0,0,0,0
2020-05-29,5,river finn,118,3,34,1,77.0,90,75,0,0,0,0
2020-05-29,5,special day,118,3,26,0,77.5,93,74,0,0,0,0
2020-05-29,5,fortheluvofbourbon,118,3,26,0,75.3,94,88,0,0,0,0
2020-05-29,5,memorable,118,3,75,0,82.9,90,77,0,0,0,0
2020-05-29,5,bahama channel,118,3,54,0,70.9,82,65,0,0,0,0
2020-05-29,5,king of ranch,118,3,49,2,90.0,81,79,0,0,0,0
2020-05-29,5,new eagle,118,3,34,1,72.7,85,65,0,0,0,0
2020-05-29,5,woopigsooie,118,3,47,0,58.5,78,71,0,0,0,0
2020-05-29,5,carpe victoriam,118,3,61,0,91.6,78,72,0,0,0,0
2020-05-29,6,ria munk,124,5,55,0,63.3,86,79,0,0,0,0
2020-05-29,6,harmony victory,124,5,140,2,77.5,92,81,0,0,0,0
2020-05-29,6,dreamalildreamofu,118,3,48,0,83.1,88,84,0,0,0,0
2020-05-29,6,second coming,124,4,61,0,72.8,90,76,0,0,0,0
2020-05-29,6,tempers rising,118,3,68,1,83.5,86,82,0,0,0,0
2020-05-29,6,strong flag,118,3,27,1,77.3,86,81,0,0,0,0
2020-05-29,6,curlinesque,118,3,90,0,66.3,87,70,0,0,0,0
2020-05-29,6,cherokee maiden,120,3,28,1,81.8,90,79,0,0,0,0
2020-05-29,7,rare form,121,5,33,1,105.5,108,95,0,0,0,0
2020-05-29,7,absolutely aiden,123,4,48,5,100.3,99,88,0,0,0,0
2020-05-29,7,boldor,121,4,47,2,97.8,104,92,0,0,0,0
2020-05-29,7,borracho,121,4,33,2,85.3,99,94,0,0,0,0
2020-05-29,7,troubling moon,121,5,181,0,84.8,99,95,0,0,0,0
2020-05-29,7,home base,121,5,61,6,96.5,105,91,0,0,0,0
2020-05-29,7,hog creek hustle,121,4,40,3,103.0,108,99,0,0,0,0
2020-05-29,7,minecraft maniac,121,5,245,2,70.0,93,82,0,0,0,0
2020-05-29,7,early mischief,121,4,41,3,89.3,95,88,0,0,0,0
2020-05-29,7,bourbon calling,121,4,61,4,89.4,100,92,0,0,0,0
2020-05-29,7,manny wah,121,4,40,2,102.8,104,90,0,0,0,0
2020-05-29,7,k j's nobility,121,6,27,8,92.5,99,95,0,0,0,1
2020-05-29,7,honest mischief,121,4,180,3,101.5,100,99,0,0,0,0
2020-05-29,7,arthur's hope,121,6,101,12,100.8,103,92,0,0,0,1
2020-05-29,7,volatile,123,4,34,3,115.5,99,105,0,0,0,0
2020-05-29,8,ghoul (brz),121,5,89,6,87.6,101,86,0,0,0,0
2020-05-29,8,dubini,121,7,180,5,90.8,107,100,0,0,0,0
2020-05-29,8,real news,121,4,123,3,105.5,100,100,0,0,0,0
2020-05-29,8,totally boss,123,5,208,5,97.8,113,110,0,0,0,0
2020-05-29,8,wilbo,121,8,33,0,79.1,110,100,0,0,0,0
2020-05-29,8,bulletin,121,4,218,3,86.1,106,91,0,0,0,0
2020-05-29,8,wellabled,121,6,346,0,76.1,108,104,0,0,0,0
2020-05-29,8,heartwood,121,6,218,0,83.3,111,99,0,0,0,0
2020-05-29,8,leinster,121,5,208,3,96.7,105,99,0,0,0,0
2020-05-29,8,carotari,121,4,82,3,106.3,106,102,0,0,0,0
2020-05-29,8,elusive mischief,121,5,82,2,93.8,105,92,0,0,0,0
2020-05-29,8,fast boat,121,5,103,6,107.5,105,98,0,0,0,0
2020-05-29,8,just might,121,4,103,2,108.7,97,93,0,0,0,0
2020-05-29,8,seven nation army,121,5,63,0,98.1,100,98,0,0,0,0
2020-05-29,9,the big bluff,118,3,28,1,72.7,79,68,0,0,0,0
2020-05-29,9,predator,118,3,110,1,77.2,88,76,0,0,0,0
2020-05-29,9,animate,111,3,69,1,62.8,78,60,0,0,0,0
2020-05-29,9,uncle momo,123,4,54,1,77.3,87,69,0,0,0,0
2020-05-29,9,bebop shoes,123,5,26,1,88.6,96,83,0,0,0,0
2020-05-29,9,out cold,123,4,179,1,69.8,81,75,0,0,0,0
2020-05-29,9,irish spirit,123,5,24,0,78.4,97,89,0,0,0,0
2020-05-29,9,alex's strike,123,4,35,1,84.4,87,80,0,0,0,0
2020-05-29,9,nice of me,123,4,81,1,79.2,90,74,0,0,0,0
